<?xml version="1.0" encoding="utf-8"?>
<extension type="module" version="3.0" client="site" method="upgrade">
	<name>EasyBlog - Related Posts Module</name>
	<author>Stack Ideas Sdn Bhd</author>
	<creationDate>30th October 2015</creationDate>
	<copyright>Copyright 2009 - 2015 Stack Ideas Sdn Bhd. All rights reserved.</copyright>
	<license>GPL License v2</license>
	<authorEmail>support@stackideas.com</authorEmail>
	<authorUrl>http://stackideas.com</authorUrl>
	<version>5.0.30</version>
	<description>
		<![CDATA[
		This module displays a list of related blog post based on the current blog post a user is currently viewing.
		]]>
	</description>
	<languages>
		<language tag="en-GB">en-GB.mod_easyblogrelatedpost.ini</language>
	</languages>
	<files>
		<folder>assets</folder>
		<folder>elements</folder>
		<folder>tmpl</folder>
		<filename>helper.php</filename>
		<filename>index.html</filename>
		<filename module="mod_easyblogrelatedpost">mod_easyblogrelatedpost.php</filename>
		<filename>mod_easyblogrelatedpost.xml</filename>
	</files>
	<config>
		<fields name="params" addfieldpath="/administrator/components/com_easyblog/elements/fields">

			<fieldset name="standard">
				<field name="striptags" type="radio" class="btn-group" default="0" label="MOD_EASYBLOGRELATED_STRIP_HTML_CODES" description="MOD_EASYBLOGRELATED_STRIP_HTML_CODES_DESC">
					<option value="1">JYES</option>
					<option value="0">JNO</option>
				</field>

				<field name="count" type="text" default="5" label="MOD_EASYBLOGRELATED_TOTAL_POSTS_TO_SHOW" description="MOD_EASYBLOGRELATED_TOTAL_POSTS_TO_SHOW_DESC" />

				<field name="showintro" type="list" default="-1" label="MOD_EASYBLOGRELATED_CONTENT_SOURCE" description="MOD_EASYBLOGRELATED_CONTENT_SOURCE_DESC" >
					<option value="-1">Do not show any content</option>
					<option value="0">Introtext</option>
					<option value="1">Main content</option>
				</field>

				<field name="textcount" type="text" default="0" label="MOD_EASYBLOGRELATED_TOTAL_CHARACTERS" description="MOD_EASYBLOGRELATED_TOTAL_CHARACTERS_DESC" />

				<field name="showcontent" type="radio" class="btn-group" default="1" label="MOD_EASYBLOGRELATED_SHOW_CONTENT" description="MOD_EASYBLOGRELATED_SHOW_CONTENT_DESC">
					<option value="1">JYES</option>
					<option value="0">JNO</option>
				</field>

				<field name="showicon" type="radio" class="btn-group" default="1" label="MOD_EASYBLOGRELATED_SHOW_ICON" description="MOD_EASYBLOGRELATED_SHOW_ICON_DESC">
					<option value="1">JYES</option>
					<option value="0">JNO</option>
				</field>

				<field name="showauthor" type="radio" class="btn-group" default="1" label="MOD_EASYBLOGRELATED_SHOW_AUTHOR" description="MOD_EASYBLOGRELATED_SHOW_AUTHOR_DESC">
					<option value="1">JYES</option>
					<option value="0">JNO</option>
				</field>

				<field name="showavatar" type="radio" class="btn-group" default="1" label="MOD_EASYBLOGRELATED_SHOW_AUTHOR_AVATAR" description="MOD_EASYBLOGRELATED_SHOW_AUTHOR_AVATAR_DESC">
					<option value="1">JYES</option>
					<option value="0">JNO</option>
				</field>

				<field name="showcommentcount" type="radio" class="btn-group" default="1" label="MOD_EASYBLOGRELATED_SHOW_COMMENTS" description="MOD_EASYBLOGRELATED_SHOW_COMMENTS_DESC">
					<option value="1">JYES</option>
					<option value="0">JNO</option>
				</field>

				<field name="showratings" type="radio" class="btn-group" default="1" label="MOD_EASYBLOGRELATED_SHOW_RATINGS" description="MOD_EASYBLOGRELATED_SHOW_RATINGS_DESC">
					<option value="1">JYES</option>
					<option value="0">JNO</option>
				</field>

				<field name="enableratings" type="radio" class="btn-group" default="1" label="MOD_EASYBLOGRELATED_ENABLE_RATINGS" description="MOD_EASYBLOGRELATED_ENABLE_RATINGS_DESC">
					<option value="1">JYES</option>
					<option value="0">JNO</option>
				</field>

				<field name="showhits" type="radio" class="btn-group" default="1" label="MOD_EASYBLOGRELATED_SHOW_HITS" description="MOD_EASYBLOGRELATED_SHOW_HITS_DESC">
					<option value="1">JYES</option>
					<option value="0">JNO</option>
				</field>

				<field name="showreadmore" type="radio" class="btn-group" default="1" label="MOD_EASYBLOGRELATED_SHOW_READMORE" description="MOD_EASYBLOGRELATED_SHOW_READMORE_DESC">
					<option value="1">JYES</option>
					<option value="0">JNO</option>
				</field>

				<field name="showdate" type="radio" class="btn-group" default="1" label="MOD_EASYBLOGRELATED_SHOW_DATE" description="MOD_EASYBLOGRELATED_SHOW_DATE_DESC">
					<option value="1">JYES</option>
					<option value="0">JNO</option>
				</field>

				<field name="showcategory" type="radio" class="btn-group" default="1" label="MOD_EASYBLOGRELATED_SHOW_CATEGORY" description="MOD_EASYBLOGRELATED_SHOW_CATEGORY_DESC">
					<option value="1">JYES</option>
					<option value="0">JNO</option>
				</field>

				<field name="includesubcategory" type="radio" class="btn-group" default="0" label="MOD_EASYBLOGRELATED_INCLUDE_SUBCATEGORIES" description="MOD_EASYBLOGRELATED_INCLUDE_SUBCATEGORIES_DESC">
					<option value="1">JYES</option>
					<option value="0">JNO</option>
				</field>

				<field name="sortby" type="list" default="0" label="MOD_EASYBLOGRELATED_SORTING_BY" description="MOD_EASYBLOGRELATED_SORTING_BY_DESC">
					<option value="latest">MOD_EASYBLOGRELATED_CREATED_DATE</option>
					<option value="modified">MOD_EASYBLOGRELATED_MODIFIED_DATE</option>
				</field>
			</fieldset>

			<fieldset name="Photos" addfieldpath="/administrator/components/com_easyblog/elements/">
				<field name="photo_show" type="radio" class="btn-group" default="1" label="MOD_EASYBLOGRELATED_PHOTO_SHOW" description="MOD_EASYBLOGRELATED_PHOTO_SHOW_DESC">
					<option value="1">JYES</option>
					<option value="0">JNO</option>
				</field>
				<field name="photo_legacy" type="radio" class="btn-group" default="1" label="MOD_EASYBLOGRELATED_PHOTO_LEGACY" description="MOD_EASYBLOGRELATED_PHOTO_LEGACY_DESC">
					<option value="1">JYES</option>
					<option value="0">JNO</option>
				</field>
				<field name="photo_size" type="list" default="medium" label="MOD_EASYBLOGRELATED_PHOTO_SIZE" description="Set the photo size.">
                    <option value="large">MOD_EASYBLOGRELATED_PHOTO_SIZE_LARGE</option>
					<option value="medium">MOD_EASYBLOGRELATED_PHOTO_SIZE_MEDIUM</option>
					<option value="small">MOD_EASYBLOGRELATED_PHOTO_SIZE_SMALL</option>

				</field>
				<field name="photo_layout" type="cover" label="MOD_EASYBLOGRELATED_PHOTO_LAYOUT_TYPE" description="MOD_EASYBLOGRELATED_PHOTO_LAYOUT_TYPE_DESC" crop="1" full="1" defaultwidth="260" defaultheight="200" />
				<field name="alignment" type="list" default="center" label="MOD_EASYBLOGRELATED_ALIGNMENT" description="MOD_EASYBLOGRELATED_ALIGNMENT_DESC">
                    <option value="center">MOD_EASYBLOGRELATED_CENTER</option>
					<option value="left">MOD_EASYBLOGRELATED_LEFT</option>
					<option value="right">MOD_EASYBLOGRELATED_RIGHT</option>
				</field>
			</fieldset>

			<fieldset name="Videos">
				<field name="video_show" type="radio" class="btn-group" default="1" label="MOD_EASYBLOGRELATED_VIDEO_SHOW" description="MOD_EASYBLOGRELATED_VIDEO_SHOW_DESC">
					<option value="1">JYES</option>
					<option value="0">JNO</option>
				</field>

				<field name="video_width" type="text" default="250" size="5" label="MOD_EASYBLOGRELATED_VIDEO_WIDTH" description="MOD_EASYBLOGRELATED_VIDEO_WIDTH_DESC" />

				<field name="video_height" type="text" default="250" size="5" label="MOD_EASYBLOGRELATED_VIDEO_HEIGHT" description="MOD_EASYBLOGRELATED_VIDEO_HEIGHT_DESC" />
			</fieldset>

			<fieldset name="advanced">
				<field name="moduleclass_sfx" type="text" label="COM_MODULES_FIELD_MODULECLASS_SFX_LABEL" description="COM_MODULES_FIELD_MODULECLASS_SFX_DESC" />

				<field name="cache" type="list" default="0" label="COM_MODULES_FIELD_CACHING_LABEL" description="COM_MODULES_FIELD_CACHING_DESC">
					<option value="1">JGLOBAL_USE_GLOBAL</option>
					<option value="0">COM_MODULES_FIELD_VALUE_NOCACHING
					</option>
				</field>

				<field name="cache_time" type="text" default="900" label="COM_MODULES_FIELD_CACHE_TIME_LABEL" description="COM_MODULES_FIELD_CACHE_TIME_DESC" />
			</fieldset>
		</fields>
	</config>

</extension>
