<?xml version="1.0" encoding="utf-8"?>
<extension type="module" version="3.0" client="site" method="upgrade">
	<name>EasyBlog - Calendar Module</name>
	<author>Stack Ideas Sdn Bhd</author>
	<creationDate>30th October 2015</creationDate>
	<copyright>Copyright 2009 - 2015 Stack Ideas Sdn Bhd. All rights reserved.</copyright>
	<license>GPL License v2</license>
	<authorEmail>support@stackideas.com</authorEmail>
	<authorUrl>http://stackideas.com</authorUrl>
	<version>5.0.30</version>
	<description><![CDATA[Displays a calendar on the site. It also displays the number of posts available on the specific dates.]]></description>
	<languages>
		<language tag="en-GB">en-GB.mod_easyblogcalendar.ini</language>
	</languages>
	<files>
		<folder>assets</folder>
		<folder>tmpl</folder>
		<filename>helper.php</filename>
		<filename>index.html</filename>
		<filename module="mod_easyblogcalendar">mod_easyblogcalendar.php</filename>
		<filename>mod_easyblogcalendar.xml</filename>
	</files>
	<config>
		<fields name="params">
			<fieldset name="advanced">
				<field name="moduleclass_sfx" type="text" label="COM_MODULES_FIELD_MODULECLASS_SFX_LABEL" description="COM_MODULES_FIELD_MODULECLASS_SFX_DESC" />
				<field name="cache" type="list" default="0" label="COM_MODULES_FIELD_CACHING_LABEL" description="COM_MODULES_FIELD_CACHING_DESC">
					<option value="0">Never</option>
				</field>
			</fieldset>
		</fields>
	</config>
</extension>