<?xml version="1.0" encoding="utf-8"?>
<extension version="2.5" type="plugin" group="finder" method="upgrade">
	<name>Smart Search - EasyBlog Posts</name>
	<author>Stack Ideas Sdn Bhd</author>
	<creationDate>March 2012</creationDate>
	<copyright>Copyright 2009 - 2012 StackIdeas. All rights reserved.</copyright>
	<license>GPL License</license>
	<authorEmail>support@stackideas.com</authorEmail>
	<authorUrl>http://www.stackideas.com</authorUrl>
	<version>3.5.0</version>
	<description>This plugin indexes EasyBlog blog entries in Smart Search.</description>
	<files>
		<file plugin="easyblog">easyblog.php</file>
    	<filename>index.html</filename>
	</files>
	<languages>
		<language tag="en-GB">en-GB.plg_finder_easyblog.ini</language>
		<language tag="en-GB">en-GB.plg_finder_easyblog.sys.ini</language>
	</languages>
</extension>
