<?xml version="1.0" encoding="utf-8"?>
<extension type="module" version="3.0" client="site" method="upgrade">
	<name>EasyBlog - Ticker Module</name>
	<author>Stack Ideas Sdn Bhd</author>
	<creationDate>30th October 2015</creationDate>
	<copyright>Copyright 2009 - 2015 Stack Ideas Sdn Bhd. All rights reserved.</copyright>
	<license>GPL License v2</license>
	<authorEmail>support@stackideas.com</authorEmail>
	<authorUrl>http://stackideas.com</authorUrl>
	<version>5.0.30</version>
	<description><![CDATA[Displays ticker-like view for latest post]]></description>
	<languages>
		<language tag="en-GB">en-GB.mod_easyblogticker.ini</language>
	</languages>
	<files>
		<folder>assets</folder>
		<folder>tmpl</folder>
		<filename>index.html</filename>
		<filename module="mod_easyblogticker">mod_easyblogticker.php</filename>
		<filename>mod_easyblogticker.xml</filename>
	</files>
	<config>
		<fields name="params">
			<fieldset name="basic" addfieldpath="/administrator/components/com_easyblog/elements">
				<field name="count" type="text" default="5" label="MOD_EASYBLOGTICKER_COMMENT_COUNT" description="MOD_EASYBLOGTICKER_COMMENT_COUNT_DESC" />
				<field name="catid" type="text" default="0" label="MOD_EASYBLOGTICKER_CATEGORY_ID" description="MOD_EASYBLOGTICKER_CATEGORY_ID_DESC" />
			</fieldset>

			<fieldset name="advanced">
				<field name="moduleclass_sfx" type="text" label="COM_MODULES_FIELD_MODULECLASS_SFX_LABEL" description="COM_MODULES_FIELD_MODULECLASS_SFX_DESC" />
				<field  name="cache" type="list" default="0" label="COM_MODULES_FIELD_CACHING_LABEL" description="COM_MODULES_FIELD_CACHING_DESC" >
					<option value="1">JGLOBAL_USE_GLOBAL</option>
					<option value="0">COM_MODULES_FIELD_VALUE_NOCACHING
					</option>
				</field>
				<field name="cache_time" type="text" default="900" label="COM_MODULES_FIELD_CACHE_TIME_LABEL" description="COM_MODULES_FIELD_CACHE_TIME_DESC" />
			</fieldset>
		</fields>
	</config>
</extension>
