{
    "id": "LP-TSK-0110",
    "name": "Template Heaths Insurance",
    "mobile": true,
    "notes": "Initial Release 1.0",
    "syntax": 4,
    "version": 1.0,
    "style": {
        "replacements": [
           
        ]
    },
    "form": {
        "title": {
            "css": {
                "font-family": "Helvetica, Arial, sans-serif",
                "font-size": "18pt;",
                "letter-spacing": "0em;"
            },
            "html": "<strong>Enter your email address below to reserve _______... it's 100% FREE!</strong>"
        },
        "submit": {
            "css": {
                "background-color": "#ffcb01;",
                "border-color": "#ffb403;",
                "border-width": "0pt;",
                "border-style": "solid;",
                "font-family": "Helvetica, Arial, sans-serif",
                "font-size": "14pt;",
                "letter-spacing": "-0.1em;"
            },
            "html": "Free Instant Access &raquo;"
        },
        "privacy": {
            "css": {
                "font-family": "Helvetica, Arial, sans-serif",
                "font-size": "12pt;",
                "letter-spacing": "-0.1em;"
            },
            "html": "<div><i class=\"icon-lock\"></i>We hate SPAM and promise to keep your email address safe. </div>"
        }
    },
    "variables": {
       
    },
    "elements": [
        
        {
            "id": "top-1",
            "name": " Companies we work Section",
            "type": "container"
        },
        {
            "id": "mid-2",
            "name": " Learn About Medicare Plan Section",
            "type": "container"
        },
        {
            "id": "mid-3",
            "name": " What Our Customers Think of Us Section",
            "type": "container"
        },
        {
            "id": "mid-4",
            "name": " Learn About Medicare Plan Section",
            "type": "container"
        },
         {
            "id": "footer",
            "name": " footer Section",
            "type": "container"
        },
        
        {
            "id": "background-top",
            "name": "Logo Bar",
            "type": "image",
            "comment": "Choose a background photo for your banner.",
            "data": {
                "max-width": 1903
            }
        },
        {
            "id": "logo-img",
            "name": "Logo",
            "type": "image",
            "comment": "Upload your logo.",
            "data": {
                "max-width": 384
            }
        },
        {
            "id": "phone",
            "name": "phone",
            "type": "text"
        },
         {
            "id": "image-couple",
            "name": "Image Human couple",
            "type": "image",
            "comment": "Recommended image width: 568px",
            "data": {
                "max-width": 568
            }
        },
         {
            "id": "box-header1",
            "name": "Box Header 1",
            "type": "text"
        },
        {
            "id": "box-content1",
            "name": "Box Content 1",
            "type": "container"
        },
        {
            "id": "box-list1",
            "name": "Box List 1",
            "type": "text"
        },
       
        {
            "id": "img1",
            "name": "img1",
            "type": "image",
            "comment": "Recommended image width: 44px",
            "data": {
                "max-width": 44
            }
        },
        {
            "id": "text-box1",
            "name": "text-box1",
            "type": "text"
           
        },
         {
            "id": "text-box2",
            "name": "text-box2",
            "type": "text"
           
        },
        {
            "id": "img2",
            "name": "img2",
            "type": "image",
            "comment": "Recommended image width: 209px",
            "data": {
                "max-width": 209
            }
        },
         {
            "id": "img3",
            "name": "img3",
            "type": "image",
            "comment": "Recommended image width: 209px",
            "data": {
                "max-width": 209
            }
        },
         {
            "id": "img4",
            "name": "img4",
            "type": "image",
            "comment": "Recommended image width: 209px",
            "data": {
                "max-width": 209
            }
        },
         {
            "id": "img5",
            "name": "img5",
            "type": "image",
            "comment": "Recommended image width: 209px",
            "data": {
                "max-width": 209
            }
        },
        {
            "id": "img60",
            "name": "img icon 2",
            "type": "image",
            "comment": "Recommended image width: 32px",
            "data": {
                "max-width": 32
            }
        },
        {
            "id": "text-box100",
            "name": "Medicare Plan Header",
            "type": "text"
           
        },
         {
            "id": "text-box110",
            "name": "Medicare Plan text box",
            "type": "text"
           
        },
        {
            "id": "img6",
            "name": "img icon 3",
            "type": "image",
            "comment": "Recommended image width: 52px",
            "data": {
                "max-width": 52
            }
        },
         {
            "id": "text-box3",
            "name": "text box 3 ",
            "type": "text"
           
        },
        {
            "id": "text-box4",
            "name": "text box 4",
            "type": "text"
           
        },
        {
            "id": "inside-link1",
            "name": "Learn more 1",
            "type": "link"
           
        },
          {
            "id": "img7",
            "name": "img icon 4",
            "type": "image",
            "comment": "Recommended image width: 52px",
            "data": {
                "max-width": 52
            }
        },
         {
            "id": "text-box5",
            "name": "text box 5",
            "type": "text"
           
        },
         {
            "id": "text-box6",
            "name": "text box 6",
            "type": "text"
           
        },
         {
            "id": "inside-link2",
            "name": "Learn more 2",
            "type": "link"
           
        },
         {
            "id": "img8",
            "name": "img icon 5",
            "type": "image",
            "comment": "Recommended image width: 52px",
            "data": {
                "max-width": 52
            }
        },
         {
            "id": "text-box7",
            "name": "text box 7",
            "type": "text"
           
        },
         {
            "id": "text-box8",
            "name": "text box 8",
            "type": "text"
           
        },
         {
            "id": "inside-link3",
            "name": "Learn more 3",
            "type": "link"
           
        },
        {
            "id": "img9",
            "name": "img chat icon ",
            "type": "image",
            "comment": "Recommended image width: 50px",
            "data": {
                "max-width": 50
            }
        },
        {
            "id": "text-box9",
            "name": "text box 9",
            "type": "text"
           
        },
        {
            "id": "text-box10",
            "name": "text box 10",
            "type": "text"
           
        },
         {
            "id": "text-box11",
            "name": "text box 11",
            "type": "text"
           
        },
         {
            "id": "text-box12",
            "name": "text box 12",
            "type": "text"
           
        },
         {
            "id": "text-box13",
            "name": "text box 13",
            "type": "text"
           
        },
         {
            "id": "text-box33",
            "name": "text box 14",
            "type": "text"
           
        },
        
         {
            "id": "text-box14",
            "name": "text box 15",
            "type": "text"
           
        },
        
         {
            "id": "text-box15",
            "name": "text box 16",
            "type": "text"
           
        },
       
        {
            "id": "img10",
            "name": "img step icon ",
            "type": "image",
            "comment": "Recommended image width: 50px",
            "data": {
                "max-width": 50
            }
        },
         {
            "id": "text-box16",
            "name": "text box 17",
            "type": "text"
           
        },
         {
            "id": "text-box17",
            "name": "text box 18",
            "type": "text"
           
        },
         {
            "id": "text-box18",
            "name": "text box 19",
            "type": "text"
           
        },
        {
            "id": "text-box19",
            "name": "text box 20",
            "type": "text"
           
        },
        {
            "id": "text-box20",
            "name": "text box 19",
            "type": "text"
           
        },
        {
            "id": "text-box21",
            "name": "text box 22",
            "type": "text"
           
        },
        {
            "id": "text-box22",
            "name": "text box 23",
            "type": "text"
           
        },
        {
            "id": "text-box23",
            "name": "text box 24",
            "type": "text"
           
        },
        {
            "id": "text-box24",
            "name": "text box 25",
            "type": "text"
           
        },
        {
            "id": "text-box25",
            "name": "text box 26",
            "type": "text"
           
        },
        {
            "id": "text-box26",
            "name": "text box 27",
            "type": "text"
           
        },
        {
            "id": "text-box27",
            "name": "text box 28",
            "type": "text"
           
        },
        {
            "id": "text-box28",
            "name": "text box 29",
            "type": "text"
           
        } ,
        
        {
            "type": "link",
            "id": "link--cta_1_link",
            "name": "Primary Signup Button",
            "data": {
                "href": "#/optin"
            }
        },
        {
            "type": "link",
            "id": "link--cta_2_link",
            "name": "Secondary Signup Button",
            "data": {
                "href": "#/optin"
            }
        }
    ]
}