<?xml version="1.0" encoding="utf-8"?>
<extension type="module" version="3.0" client="site" method="upgrade">
	<name>EasyBlog - Most Popular Post Module</name>
	<author>Stack Ideas Sdn Bhd</author>
	<creationDate>30th October 2015</creationDate>
	<copyright>Copyright 2009 - 2015 Stack Ideas Sdn Bhd. All rights reserved.</copyright>
	<license>GPL License v2</license>
	<authorEmail>support@stackideas.com</authorEmail>
	<authorUrl>http://stackideas.com</authorUrl>
	<version>5.0.30</version>
	<description><![CDATA[Most popular post module for your EasyBlog's component.]]></description>
	<languages>
		<language tag="en-GB">en-GB.mod_easyblogmostpopularpost.ini</language>
	</languages>
	<files>
		<folder>tmpl</folder>
		<filename>index.html</filename>
		<filename module="mod_easyblogmostpopularpost">mod_easyblogmostpopularpost.php</filename>
		<filename>mod_easyblogmostpopularpost.xml</filename>
	</files>
	<config>
		<fields name="params">
			<fieldset name="basic" addfieldpath="/administrator/components/com_easyblog/elements/fields">

				<field name="layout" type="radio" class="btn-group" default="vertical" label="MOD_EASYBLOGMOSTPOPULARPOST_LAYOUT" description="MOD_EASYBLOGMOSTPOPULARPOST_LAYOUT_DESC">
					<option value="vertical">MOD_EASYBLOGMOSTPOPULARPOST_VERTICAL</option>
					<option value="horizontal">MOD_EASYBLOGMOSTPOPULARPOST_HORIZONTAL</option>
				</field>

				<field name="column" type="text" default="4" label="MOD_EASYBLOGMOSTPOPULARPOST_COLUMN_NUMBER" description="MOD_EASYBLOGMOSTPOPULARPOST_COLUMN_NUMBER_DESC" />

				<field name="count" type="text" default="5" label="MOD_EASYBLOGMOSTPOPULARPOST_COMMENT_COUNT" description="MOD_EASYBLOGMOSTPOPULARPOST_COMMENT_COUNT_DESC" />

				<field name="textcount" type="text" default="200" label="MOD_EASYBLOGMOSTPOPULARPOST_TOTAL_CHARACTERS" description="MOD_EASYBLOGMOSTPOPULARPOST_TOTAL_CHARACTERS_DESC" />

				<field name="showintro" type="list" class="btn-group" default="0" label="MOD_EASYBLOGMOSTPOPULARPOST_SHOW_INTRO" description="MOD_EASYBLOGMOSTPOPULARPOST_SHOW_INTRO_DESC" >
					<option value="-1">Do not show any content</option>
					<option value="0">Introtext</option>
					<option value="1">Main content</option>
				</field>

				<field name="catid" type="text" default="" label="MOD_EASYBLOGMOSTPOPULARPOST_CATEGORY_ID" description="MOD_EASYBLOGMOSTPOPULARPOST_CATEGORY_ID_DESC" />

				<field name="showcommentcount" type="radio" class="btn-group" default="1" label="MOD_EASYBLOGMOSTPOPULARPOST_SHOW_COMMENT_COUNT" description="MOD_EASYBLOGMOSTPOPULARPOST_SHOW_COMMENT_COUNT_DESC">
					<option value="1">JYES</option>
					<option value="0">JNO</option>
				</field>

				<field name="showratings" type="radio" class="btn-group" default="1" label="MOD_EASYBLOGMOSTPOPULARPOST_SHOW_RATINGS" description="MOD_EASYBLOGMOSTPOPULARPOST_SHOW_RATINGS_DESC">
					<option value="1">JYES</option>
					<option value="0">JNO</option>
				</field>

				<field name="enableratings" type="radio" class="btn-group" default="1" label="MOD_EASYBLOGMOSTPOPULARPOST_ENABLE_RATINGS" description="MOD_EASYBLOGMOSTPOPULARPOST_ENABLE_RATINGS_DESC">
					<option value="1">JYES</option>
					<option value="0">JNO</option>
				</field>

				<field name="showhits" type="radio" class="btn-group" default="1" label="MOD_EASYBLOGMOSTPOPULARPOST_SHOW_HITS" description="MOD_EASYBLOGMOSTPOPULARPOST_SHOW_HITS_DESC">
					<option value="1">JYES</option>
					<option value="0">JNO</option>
				</field>

				<field name="showavatar" type="radio" class="btn-group" default="1" label="MOD_EASYBLOGMOSTPOPULARPOST_SHOW_BLOGGER_AVATAR" description="MOD_EASYBLOGMOSTPOPULARPOST_SHOW_BLOGGER_AVATAR_DESC">
					<option value="1">JYES</option>
					<option value="0">JNO</option>
				</field>

				<field name="showreadmore" type="radio" class="btn-group" default="1" label="MOD_EASYBLOGMOSTPOPULARPOST_SHOW_READ_MORE" description="MOD_EASYBLOGMOSTPOPULARPOST_SHOW_READ_MORE_DESC">
					<option value="1">JYES</option>
					<option value="0">JNO</option>
				</field>

				<field name="showauthor" type="radio" class="btn-group" default="1" label="MOD_EASYBLOGMOSTPOPULARPOST_SHOW_POST_BY" description="MOD_EASYBLOGMOSTPOPULARPOST_SHOW_POST_BY_DESC">
					<option value="1">JYES</option>
					<option value="0">JNO</option>
				</field>

				<field name="showdate" type="radio" class="btn-group" default="1" label="MOD_EASYBLOGMOSTPOPULARPOST_SHOW_DATE" description="MOD_EASYBLOGMOSTPOPULARPOST_SHOW_DATE_DESC">
					<option value="1">JYES</option>
					<option value="0">JNO</option>
				</field>

				<field name="showcategory" type="radio" class="btn-group" default="1" label="MOD_EASYBLOGMOSTPOPULARPOST_SHOW_CATEGORY" description="MOD_EASYBLOGMOSTPOPULARPOST_SHOW_CATEGORY_DESC">
					<option value="1">JYES</option>
					<option value="0">JNO</option>
				</field>
			</fieldset>

			<fieldset name="Photos" addfieldpath="/administrator/components/com_easyblog/elements/">
				<field name="photo_show" type="radio" class="btn-group" default="1" label="MOD_EASYBLOGMOSTPOPULARPOST_PHOTO_SHOW" description="MOD_EASYBLOGMOSTPOPULARPOST_PHOTO_SHOW_DESC">
					<option value="1">JYES</option>
					<option value="0">JNO</option>
				</field>
				<field name="photo_legacy" type="radio" class="btn-group" default="1" label="MOD_EASYBLOGMOSTPOPULARPOST_PHOTO_LEGACY" description="MOD_EASYBLOGMOSTPOPULARPOST_PHOTO_LEGACY_DESC">
					<option value="1">JYES</option>
					<option value="0">JNO</option>
				</field>
				<field name="photo_size" type="list" default="default" label="MOD_EASYBLOGMOSTPOPULARPOST_PHOTO_SIZE" description="Set the photo size.">
                    <option value="large">MOD_EASYBLOGMOSTPOPULARPOST_PHOTO_SIZE_LARGE</option>
					<option value="medium">MOD_EASYBLOGMOSTPOPULARPOST_PHOTO_SIZE_MEDIUM</option>
					<option value="small">MOD_EASYBLOGMOSTPOPULARPOST_PHOTO_SIZE_SMALL</option>

				</field>
				<field name="photo_layout" type="cover" label="MOD_EASYBLOGMOSTPOPULARPOST_PHOTO_LAYOUT_TYPE" description="MOD_EASYBLOGMOSTPOPULARPOST_PHOTO_LAYOUT_TYPE_DESC" crop="1" full="1" defaultwidth="260" defaultheight="200" />

				<field name="alignment" type="list" default="center" label="MOD_EASYBLOGMOSTPOPULARPOST_PHOTO_ALLIGNMENT" description="MOD_EASYBLOGMOSTPOPULARPOST_PHOTO_ALLIGNMENT_DESC">
                    <option value="center">MOD_EASYBLOGMOSTPOPULARPOST_CENTER</option>
					<option value="left">MOD_EASYBLOGMOSTPOPULARPOST_LEFT</option>
					<option value="right">MOD_EASYBLOGMOSTPOPULARPOST_RIGHT</option>
				</field>
			</fieldset>

			<fieldset name="Videos">
				<field name="video_show" type="radio" class="btn-group" default="1" label="MOD_EASYBLOGMOSTPOPULARPOST_VIDEO_SHOW" description="MOD_EASYBLOGMOSTPOPULARPOST_VIDEO_SHOW_DESC">
					<option value="1">JYES</option>
					<option value="0">JNO</option>
				</field>

				<field name="video_width" type="text" default="250" size="5" label="MOD_EASYBLOGMOSTPOPULARPOST_VIDEO_WIDTH" description="MOD_EASYBLOGMOSTPOPULARPOST_VIDEO_WIDTH_DESC" />

				<field name="video_height" type="text" default="250" size="5" label="MOD_EASYBLOGMOSTPOPULARPOST_VIDEO_HEIGHT" description="MOD_EASYBLOGMOSTPOPULARPOST_VIDEO_HEIGHT_DESC" />
			</fieldset>


			<fieldset name="advanced">
				<field name="moduleclass_sfx" type="text" label="COM_MODULES_FIELD_MODULECLASS_SFX_LABEL" description="COM_MODULES_FIELD_MODULECLASS_SFX_DESC" />

				<field name="cache" type="list" default="0" label="COM_MODULES_FIELD_CACHING_LABEL" description="COM_MODULES_FIELD_CACHING_DESC" >
					<option value="1">JGLOBAL_USE_GLOBAL</option>
					<option value="0">COM_MODULES_FIELD_VALUE_NOCACHING
					</option>
				</field>

				<field name="cache_time" type="text" default="900" label="COM_MODULES_FIELD_CACHE_TIME_LABEL" description="COM_MODULES_FIELD_CACHE_TIME_DESC" />
			</fieldset>
		</fields>
	</config>
</extension>
