<?xml version="1.0" encoding="utf-8"?>
<metafile version="3.4" client="site">
	<name>English (en-GB)</name>
	<version>3.4.0</version>
	<creationDate>2013-03-07</creationDate>
	<author>Joomla! Project</author>
	<authorEmail>admin@joomla.org</authorEmail>
	<authorUrl>www.joomla.org</authorUrl>
	<copyright>Copyright (C) 2005 - 2015 Open Source Matters. All rights reserved.</copyright>
	<license>GNU General Public License version 2 or later; see LICENSE.txt</license>
	<description>en-GB site language</description>
	<metadata>
		<name>English (en-GB)</name>
		<tag>en-GB</tag>
		<rtl>0</rtl>
		<locale>en_GB.utf8, en_GB.UTF-8, en_GB, eng_GB, en, english, english-uk, uk, gbr, britain, england, great britain, uk, united kingdom, united-kingdom</locale>
		<firstDay>0</firstDay>
		<weekEnd>0,6</weekEnd>
	</metadata>
	<params />
</metafile>
