<?xml version="1.0" encoding="utf-8"?>
<extension type="module" version="3.0" client="site" method="upgrade">
	<name>EasyBlog - Welcome Module</name>
	<author>Stack Ideas Sdn Bhd</author>
	<creationDate>30th October 2015</creationDate>
	<copyright>Copyright 2009 - 2015 Stack Ideas Sdn Bhd. All rights reserved.</copyright>
	<license>GPL License v2</license>
	<authorEmail>support@stackideas.com</authorEmail>
	<authorUrl>http://stackideas.com</authorUrl>
	<version>5.0.30</version>
	<description><![CDATA[A module that provides users login and will welcome the users if they are already logged in. Also consist of all sort of shortcut for easy access to EasyBlog's features.]]></description>
	<languages>
		<language tag="en-GB">en-GB.mod_easyblogwelcome.ini</language>
	</languages>
	<files>
		<folder>tmpl</folder>
		<filename>helper.php</filename>
		<filename>index.html</filename>
		<filename module="mod_easyblogwelcome">mod_easyblogwelcome.php</filename>
		<filename>mod_easyblogwelcome.xml</filename>
	</files>

	<config>
		<fields name="params">
			<fieldset name="basic" addfieldpath="/administrator/components/com_easyblog/elements/fields">

				<field name="display_avatar" type="radio" class="btn-group" default="1" label="MOD_EASYBLOGWELCOME_SHOW_AVATAR" description="MOD_EASYBLOGWELCOME_SHOW_AVATAR_HELP">
					<option value="1">JYES</option>
					<option value="0">JNO</option>
				</field>

				<field name="enable_login" type="radio" class="btn-group" default="1" label="MOD_EASYBLOGWELCOME_SHOW_LOGIN_FORM" description="MOD_EASYBLOGWELCOME_SHOW_LOGIN_FORM_HELP">
					<option value="1">JYES</option>
					<option value="0">JNO</option>
				</field>

				<field name="usesecure" type="radio" class="btn-group" default="0" label="MOD_EASYBLOGWELCOME_FORCE_SSL" description="MOD_EASYBLOGWELCOME_FORCE_SSL_HELP">
					<option value="1">JYES</option>
					<option value="0">JNO</option>
				</field>

				<field name="login" type="menuitem" default="none" disable="separator" label="MOD_EASYBLOGWELCOME_LOGIN_REDIRECT" description="MOD_EASYBLOGWELCOME_LOGIN_REDIRECT_HELP" state="1">
					<option value="0">None</option>
				</field>
				
				<field name="logout" type="menuitem" default="none" disable="separator" label="MOD_EASYBLOGWELCOME_LOGOUT_REDIRECT" description="MOD_EASYBLOGWELCOME_LOGOUT_REDIRECT_HELP" state="1">
					<option value="0">None</option>
				</field>
			</fieldset>
			<fieldset name="advanced">
				<field name="moduleclass_sfx" type="text" label="COM_MODULES_FIELD_MODULECLASS_SFX_LABEL" description="COM_MODULES_FIELD_MODULECLASS_SFX_DESC" />
				<field name="cache" type="list" default="0" label="COM_MODULES_FIELD_CACHING_LABEL" description="COM_MODULES_FIELD_CACHING_DESC" >
					<option value="0">Never</option>
				</field>
			</fieldset>
		</fields>
	</config>
</extension>