{
    "site": {
        "adapter": "EasyBlog",
        "script": [
            "easyblog",
            "layout/template",
            "layout/responsive",
            "layout/dialog",
            "layout/elements",
            "layout/launcher",
            "layout/placeholder",
            "layout/image/popup",
            "layout/image/caption",
            "layout/image/gallery",
            "authors",
            "comments/captcha",
            "comments/comments",
            "comments/form",
            "comments/list",
            "composer/document/artboard",
            "posts/posts",
            "posts/reports",
            "posts/tools",
            "ratings",
            "subscribe",
            "bookmarklet",
            "tag",
            "teamblogs"
        ],
        "library" : [
            "placeholder"
        ]
    },

    "module": {
        "adapter": "EasyBlog",
        "script": [
            "easyblog",
            "layout/launcher",
            "layout/responsive"
        ],
        "library" : [
            "placeholder"
        ]
    },

    "dashboard": {
        "adapter": "EasyBlog",
        "script": [
            "easyblog",
            "layout/template",
            "layout/responsive",
            "layout/dialog",
            "layout/elements",
            "layout/launcher",
            "layout/placeholder",
            "layout/image/popup",
            "layout/image/caption",
            "layout/image/gallery",
            "quickpost/form",
            "quickpost/link",
            "quickpost/photo",
            "quickpost/quote",
            "quickpost/standard",
            "quickpost/video",
            "dashboard/blogimage",
            "dashboard/categories",
            "dashboard/comments",
            "dashboard/editor",
            "dashboard/form",
            "dashboard/medialink",
            "dashboard/moderate",
            "dashboard/posts",
            "dashboard/templates",
            "dashboard"
        ],
        "library" : [
            "placeholder"
        ]
    },

    "admin": {
        "adapter": "EasyBlog",
        "script": [
            "easyblog",
            "admin/grid",
            "admin/maintenance/database",
            "admin/maintenance/form",
            "admin/ordering",
            "admin/publishing",
            "admin/sort",
            "layout/template",
            "layout/responsive",
            "layout/dialog",
            "layout/elements",
            "layout/launcher",
            "layout/placeholder",
            "layout/image/popup",
            "layout/image/caption",
            "layout/image/gallery"
        ],
        "library" : [
            "placeholder"
        ]
    },

    "composer": {
        "adapter": "EasyBlog",
        "script": [
            "easyblog",
            "composer/document/artboard",
            "composer/blocks/dimensions",
            "composer/blocks/droppable",
            "composer/blocks/font",
            "composer/blocks/guide",
            "composer/blocks/handlers/audio",
            "composer/blocks/handlers/behance",
            "composer/blocks/handlers/buttons",
            "composer/blocks/handlers/code",
            "composer/blocks/handlers/codepen",
            "composer/blocks/handlers/columns",
            "composer/blocks/handlers/compare",
            "composer/blocks/handlers/file",
            "composer/blocks/handlers/gist",
            "composer/blocks/handlers/heading",
            "composer/blocks/handlers/html",
            "composer/blocks/handlers/image",
            "composer/blocks/handlers/instagram",
            "composer/blocks/handlers/links",
            "composer/blocks/handlers/list",
            "composer/blocks/handlers/note",
            "composer/blocks/handlers/post",
            "composer/blocks/handlers/quotes",
            "composer/blocks/handlers/readmore",
            "composer/blocks/handlers/rule",
            "composer/blocks/handlers/slideshare",
            "composer/blocks/handlers/soundcloud",
            "composer/blocks/handlers/spotify",
            "composer/blocks/handlers/table",
            "composer/blocks/handlers/tabs",
            "composer/blocks/handlers/text",
            "composer/blocks/handlers/tweet",
            "composer/blocks/handlers/video",
            "composer/blocks/mobile",
            "composer/blocks/nestable",
            "composer/blocks/panel",
            "composer/blocks/removal",
            "composer/blocks/resizable",
            "composer/blocks/scrollable",
            "composer/blocks/search",
            "composer/blocks/text",
            "composer/blocks/tree",
            "composer/blocks",
            "composer/blogimage",
            "composer/category",
            "composer/datetime",
            "composer/debugger",
            "composer/document/overlay",
            "composer/document",
            "composer/location",
            "composer/manager",
            "composer/media",
            "composer/panels/authorship",
            "composer/panels/autopost",
            "composer/panels/fields",
            "composer/panels/post",
            "composer/panels/seo",
            "composer/panels",
            "composer/posts",
            "composer/redactor",
            "composer/redactor10",
            "composer/tags",
            "composer/templates",
            "composer",
            "layout/template",
            "layout/responsive",
            "layout/dialog",
            "layout/elements",
            "layout/launcher",
            "layout/placeholder",
            "layout/image/popup",
            "layout/image/caption",
            "layout/image/gallery",
            "mediamanager/audio",
            "mediamanager/image",
            "mediamanager/uploader",
            "mediamanager/video",
            "mediamanager"
        ],
        "library" : [
            "placeholder"
        ]
    }
}