<?xml version="1.0" encoding="utf-8"?>
<extension type="module" version="3.0" client="site" method="upgrade">
	<name>EasyBlog - Post Meta Module</name>
	<author>Stack Ideas Sdn Bhd</author>
	<creationDate>30th October 2015</creationDate>
	<copyright>Copyright 2009 - 2015 Stack Ideas Sdn Bhd. All rights reserved.</copyright>
	<license>GPL License V2</license>
	<authorEmail>support@stackideas.com</authorEmail>
	<authorUrl>http://stackideas.com</authorUrl>
	<version>5.0.30</version>
	<description><![CDATA[This module displays the meta for the current blog post a user is currently viewing.]]>
	</description>
	<languages>
		<language tag="en-GB">en-GB.mod_easyblogpostmeta.ini</language>
	</languages>
	<files>
		<folder>tmpl</folder>
		<filename>index.html</filename>
		<filename module="mod_easyblogpostmeta">mod_easyblogpostmeta.php</filename>
		<filename>mod_easyblogpostmeta.xml</filename>
	</files>

	<config>
		<fields name="params" addfieldpath="/administrator/components/com_easyblog/elements/fields">

			<fieldset name="basic" addfieldpath="/administrator/components/com_easyblog/elements/fields">
				<field name="showAuthor" type="radio" class="btn-group" default="1" label="MOD_EASYBLOGPOSTMETA_AUTHOR" description="MOD_EASYBLOGPOSTMETA_AUTHOR_DESC">
					<option value="0">JNO</option>
					<option value="1">JYES</option>
				</field>
				
				<field name="showavatar" type="radio" class="btn-group" default="1" label="MOD_EASYBLOGPOSTMETA_AVATAR" description="MOD_EASYBLOGPOSTMETA_AVATAR_DESC">
					<option value="0">JNO</option>
					<option value="1">JYES</option>
				</field>
				
				<field name="showcommentcount" type="radio" class="btn-group" default="1" label="MOD_EASYBLOGPOSTMETA_COMMENT" description="MOD_EASYBLOGPOSTMETA_COMMENT_DESC">
					<option value="0">JNO</option>
					<option value="1">JYES</option>
				</field>
				
				<field name="showDate" type="radio" class="btn-group" default="1" label="MOD_EASYBLOGPOSTMETA_DATE" description="MOD_EASYBLOGPOSTMETA_DATE_DESC">
					<option value="0">JNO</option>
					<option value="1">JYES</option>
				</field>
				
				<field name="showhits" type="radio" class="btn-group" default="1" label="MOD_EASYBLOGPOSTMETA_HITS" description="MOD_EASYBLOGPOSTMETA_HITS_DESC">
					<option value="0">JNO</option>
					<option value="1">JYES</option>
				</field>

				<field name="showcategory" type="radio" class="btn-group" default="1" label="MOD_EASYBLOGPOSTMETA_CATEGORY" description="MOD_EASYBLOGPOSTMETA_CATEGORY_DESC">
					<option value="0">JNO</option>
					<option value="1">JYES</option>
				</field>

			</fieldset>
			<fieldset name="advanced">
				<field name="moduleclass_sfx" type="text" label="COM_MODULES_FIELD_MODULECLASS_SFX_LABEL" description="COM_MODULES_FIELD_MODULECLASS_SFX_DESC" />

				<field name="cache" type="radio" class="btn-group" default="0" label="COM_MODULES_FIELD_CACHING_LABEL" description="COM_MODULES_FIELD_CACHING_DESC">
					<option value="1">JGLOBAL_USE_GLOBAL</option>
					<option value="0">COM_MODULES_FIELD_VALUE_NOCACHING</option>
				</field>

				<field name="cache_time" type="text" default="900" label="COM_MODULES_FIELD_CACHE_TIME_LABEL" description="COM_MODULES_FIELD_CACHE_TIME_DESC" />
			</fieldset>
		</fields>
	</config>

</extension>
