{
	"id": "3",
	"title": "Template for Event",
	"data": {"title":"Template for Event","permalink":"template-for-event-1-1","type":"ebd","version":"1.0","blocks":[{"uid":"04869970544241369","type":"text","html":"\n            <p>Duis ac quam leo. Phasellus malesuada, leo at lobortis egestas, felis lorem condimentum lacus, id iaculis quam urna ac urna. Vivamus aliquam laoreet semper. Ut lacinia sem nisi. Sed vulputate convallis odio posuere porttitor. Aliquam turpis felis, faucibus non orci vel, laoreet dapibus diam. Nam rhoncus tortor velit, sollicitudin semper nisl pulvinar sed.<br><br></p>\n","data":{},"blocks":[],"nested":false,"isolated":false,"text":"\n            Duis ac quam leo. Phasellus malesuada, leo at lobortis egestas, felis lorem condimentum lacus, id iaculis quam urna ac urna. Vivamus aliquam laoreet semper. Ut lacinia sem nisi. Sed vulputate convallis odio posuere porttitor. Aliquam turpis felis, faucibus non orci vel, laoreet dapibus diam. Nam rhoncus tortor velit, sollicitudin semper nisl pulvinar sed.\n","editableHtml":"\n            <div class=\"ebd-nest\" data-type=\"content\" data-eb-text-block-wrapper=\"\"><div data-eb-text-content-wrapper=\"\" data-content-type=\"html\" contenteditable=\"true\">\n            <p>Duis ac quam leo. Phasellus malesuada, leo at lobortis egestas, felis lorem condimentum lacus, id iaculis quam urna ac urna. Vivamus aliquam laoreet semper. Ut lacinia sem nisi. Sed vulputate convallis odio posuere porttitor. Aliquam turpis felis, faucibus non orci vel, laoreet dapibus diam. Nam rhoncus tortor velit, sollicitudin semper nisl pulvinar sed.<br><br></p>\n</div></div>        "},{"uid":"06658816069830209","type":"table","html":"<table class=\"table table-bordered\" style=\"table-layout: fixed\">\n    <tbody><tr>\n        <td>​Time</td>\n        <td>​<span class=\"redactor-invisible-space\">​</span>November 15, 2015 - 10:00 PM<br></td>\n        \n    </tr>\n    <tr>\n        <td>​Location<br></td>\n        <td>​3200 Barbaros Bulvarı Besiktas/Istanbul, TR<br></td>\n        \n    </tr>\n<tr><td>​Tickets<br></td><td>​246 tickets remaining<br></td></tr></tbody></table>","data":{"striped":0,"bordered":1,"hover":0,"condensed":0,"rows":3,"columns":2},"blocks":[],"nested":false,"isolated":false,"text":"\n    \n        \n            ​Time\n        \n        \n            ​​November 15, 2015 - 10:00 PM\n        \n        \n    \n    \n        \n            ​Location\n        \n        \n            ​3200 Barbaros Bulvarı Besiktas/Istanbul, TR\n        \n        \n    \n​Tickets​246 tickets remaining","editableHtml":"\n            <table class=\"table table-bordered\" style=\"table-layout: fixed\">\n    <tbody><tr>\n        <td>\n            <div contenteditable=\"true\">​Time</div>\n        </td>\n        <td>\n            <div contenteditable=\"true\">​<span class=\"redactor-invisible-space\">​</span>November 15, 2015 - 10:00 PM<br></div>\n        </td>\n        \n    </tr>\n    <tr>\n        <td>\n            <div contenteditable=\"true\">​Location<br></div>\n        </td>\n        <td>\n            <div contenteditable=\"true\">​3200 Barbaros Bulvarı Besiktas/Istanbul, TR<br></div>\n        </td>\n        \n    </tr>\n<tr><td><div contenteditable=\"true\">​Tickets<br></div></td><td><div contenteditable=\"true\">​246 tickets remaining<br></div></td></tr></tbody></table>        "},{"uid":"09581912469584495","type":"rule","html":"\n            <hr>        ","data":{},"blocks":[],"nested":false,"isolated":false,"text":"","editableHtml":"\n            <hr>        "},{"uid":"08785801255144179","type":"heading","html":"\n            <h4>Schedule</h4>        ","data":{},"blocks":[],"nested":false,"isolated":false,"text":"\n    \n        \n    \n    \n        \n            Schedule        \n        \n            \n                \n            \n        \n    \n    \n        \n            \n                Drag to move block.\n            \n        \n    \n","editableHtml":"\n            <h4 contenteditable=\"true\">Schedule</h4>        "},{"uid":"09648641077801585","type":"text","html":"\n            <p>Praesent ac sem in neque venenatis tristique. Morbi et ligula velit. Nullam a augue vel mi porta vestibulum non ac elit. Vivamus convallis tortor et fermentum semper.<br><br></p>        ","data":{},"blocks":[],"nested":false,"isolated":false,"text":"\n            Praesent ac sem in neque venenatis tristique. Morbi et ligula velit. Nullam a augue vel mi porta vestibulum non ac elit. Vivamus convallis tortor et fermentum semper.        ","editableHtml":"\n            <div class=\"ebd-nest\" data-type=\"content\" data-eb-text-block-wrapper=\"\"><div data-eb-text-content-wrapper=\"\" data-content-type=\"html\" contenteditable=\"true\">\n            <p>Praesent ac sem in neque venenatis tristique. Morbi et ligula velit. Nullam a augue vel mi porta vestibulum non ac elit. Vivamus convallis tortor et fermentum semper.<br><br></p>        </div></div>        "},{"uid":"09790925409179181","type":"table","html":"<table class=\"table table-bordered table-striped\" style=\"table-layout: fixed\">\n    <tbody><tr>\n        <td>​7:00 am - 8:25 am<br></td>\n        <td>​What is a CSS framework<br></td>\n        \n    </tr>\n    <tr>\n        <td>​8:30 am - 10:25 am<br></td>\n        <td>​CSS architecture for front-ends<br></td>\n        \n    </tr>\n<tr><td>​10:30 am - 11:50 am<br></td><td>​Designing Responsive Websites<br></td></tr><tr><td>​12:00 am - 2:25 pm<br></td><td>​Private Pesticide Applicators Training<br></td></tr></tbody></table>","data":{"striped":1,"bordered":1,"hover":0,"condensed":0,"rows":4,"columns":2},"blocks":[],"nested":false,"isolated":false,"text":"\n    \n        \n            ​7:00 am - 8:25 am\n        \n        \n            ​What is a CSS framework\n        \n        \n    \n    \n        \n            ​8:30 am - 10:25 am\n        \n        \n            ​CSS architecture for front-ends\n        \n        \n    \n​10:30 am - 11:50 am​Designing Responsive Websites​12:00 am - 2:25 pm​Private Pesticide Applicators Training","editableHtml":"\n            <table class=\"table table-bordered table-striped\" style=\"table-layout: fixed\">\n    <tbody><tr>\n        <td>\n            <div contenteditable=\"true\">​7:00 am - 8:25 am<br></div>\n        </td>\n        <td>\n            <div contenteditable=\"true\">​What is a CSS framework<br></div>\n        </td>\n        \n    </tr>\n    <tr>\n        <td>\n            <div contenteditable=\"true\">​8:30 am - 10:25 am<br></div>\n        </td>\n        <td>\n            <div contenteditable=\"true\">​CSS architecture for front-ends<br></div>\n        </td>\n        \n    </tr>\n<tr><td><div contenteditable=\"true\">​10:30 am - 11:50 am<br></div></td><td><div contenteditable=\"true\">​Designing Responsive Websites<br></div></td></tr><tr><td><div contenteditable=\"true\">​12:00 am - 2:25 pm<br></div></td><td><div contenteditable=\"true\">​Private Pesticide Applicators Training<br></div></td></tr></tbody></table>        "},{"uid":"026126078073866665","type":"rule","html":"\n            <hr>        ","data":{},"blocks":[],"nested":false,"isolated":false,"text":"","editableHtml":"\n            <hr>        "},{"uid":"08552929288707674","type":"heading","html":"\n            <h4>Speakers</h4>        ","data":{},"blocks":[],"nested":false,"isolated":false,"text":"\n    \n        \n    \n    \n        \n            Speakers        \n        \n            \n                \n            \n        \n    \n    \n        \n            \n                Drag to move block.\n            \n        \n    \n","editableHtml":"\n            <h4 contenteditable=\"true\">Speakers</h4>        "},{"uid":"031816470227204263","type":"text","html":"\n            <p>In hac habitasse platea dictumst. Curabitur eget dui id metus pulvinar suscipit. Quisque vitae ligula laoreet, scelerisque leo quis, facilisis metus.<br><br></p>        ","data":{},"blocks":[],"nested":false,"isolated":false,"text":"\n            In hac habitasse platea dictumst. Curabitur eget dui id metus pulvinar suscipit. Quisque vitae ligula laoreet, scelerisque leo quis, facilisis metus.        ","editableHtml":"\n            <div class=\"ebd-nest\" data-type=\"content\" data-eb-text-block-wrapper=\"\"><div data-eb-text-content-wrapper=\"\" data-content-type=\"html\" contenteditable=\"true\">\n            <p>In hac habitasse platea dictumst. Curabitur eget dui id metus pulvinar suscipit. Quisque vitae ligula laoreet, scelerisque leo quis, facilisis metus.<br><br></p>        </div></div>        "},{"uid":"010195815097540617","type":"columns","html":"\n            <div class=\"row\" data-responsive=\"400,300,200,100\">\n    <div class=\"col col-md-3\" data-size=\"6\">\n        \n    <!--block03488495028577745--></div>\n    <div class=\"col col-md-9\" data-size=\"6\">\n        \n    <!--block063396499841474--></div>\n</div>        ","data":{"columns":[{"size":6,"content":"COM_EASYBLOG_BLOCK_COLUMN_DEFAULT_TITLE"},{"size":6,"content":"COM_EASYBLOG_BLOCK_COLUMN_DEFAULT_TITLE"}]},"blocks":[{"uid":"03488495028577745","type":"image","html":"","data":{"isurl":false,"url":"","uri":"","variation":"","size_enabled":true,"mode":"simple","mode_lock":false,"fluid":false,"width":"","width_lock":false,"height":"","height_lock":false,"ratio":"","ratio_lock":true,"alignment":"center","strategy":"fit","element_width":"","element_height":"","element_top":"","element_left":"","element_ratio":"","element_ratio_lock":true,"natural_width":"","natural_height":"","natural_ratio":"","style_enabled":true,"style":"clear","caption_enabled":true,"caption_text":"","link_enabled":true,"link_url":"","link_title":"","link_target":"","popup_enabled":true,"popup_url":"","popup_uri":"","popup_variation":""},"blocks":[],"nested":true,"isolated":false,"style":"text-align: center;","text":"\nundefined","editableHtml":"\n            <div class=\"eb-composer-placeholder eb-composer-placeholder-image text-center\" data-eb-composer-image-placeholder=\"\" data-key=\"_cG9zdA--\" data-type=\"image\" data-plupload-multi-selection=\"0\">\n\n    <div data-plupload-drop-element=\"\" style=\"position: relative;\">\n        <i class=\"eb-composer-placeholder-icon fa fa-camera\"></i>\n\n                <b class=\"eb-composer-placeholder-title\">Drop an image block here</b>\n        <p class=\"eb-composer-placeholder-brief\">Supports jpeg, png, gif.</p>\n        \n        <button type=\"button\" class=\"btn btn-sm btn-primary\" data-eb-mm-browse-button=\"\" data-eb-mm-start-uri=\"_cG9zdA--\" data-eb-mm-filter=\"image\">\n            <i class=\"fa fa-photo\"></i> Browse Media        </button>\n\n                <button type=\"button\" class=\"btn btn-sm btn-primary\" data-plupload-browse-button=\"\" style=\"position: relative; z-index: 1;\">\n            <i class=\"fa fa-upload\"></i> Upload        </button>\n        \n\n        <div class=\"eb-composer-upload-progress\" data-eb-mm-upload-progress=\"\">\n    <div class=\"col-cell\">\n        <div class=\"progress\">\n            <b class=\"progress-bar progress-bar-success progress-bar-striped\" role=\"progressbar\" aria-valuenow=\"0\" aria-valuemin=\"0\" aria-valuemax=\"100\" style=\"width: 0%;\" data-eb-mm-upload-progress-bar=\"\"></b>\n        </div>\n    </div>\n    <div class=\"col-cell\">\n        <div class=\"progress-value\" data-eb-mm-upload-progress-value=\"\">0%</div>\n        <span data-eb-mm-upload-name=\"\" class=\"hide\"></span>\n    </div>\n</div>\n        <div class=\"eb-composer-placeholder-fail\">\n    <div class=\"row-table\">\n        <div class=\"col-cell\">\n            <p data-eb-mm-upload-error-text=\"\"></p>\n            <a href=\"javascript:void(0);\" class=\"btn btn-primary\" data-eb-mm-upload-error-retry=\"\">Try Again</a>\n        </div>\n    </div>\n</div>    <div id=\"html5_19jirfvs4ph2p40iopdj41it1p_container\" class=\"moxie-shim moxie-shim-html5\" style=\"position: absolute; top: 1000px; left: 95px; width: 70px; height: 28px; overflow: hidden; z-index: 0;\"><input id=\"html5_19jirfvs4ph2p40iopdj41it1p\" style=\"font-size: 999px; opacity: 0; position: absolute; top: 0px; left: 0px; width: 100%; height: 100%;\" accept=\"image/jpeg,image/png,image/gif\" type=\"file\"></div><div style=\"position: absolute; top: 959px; left: 264px; width: 70px; height: 29px; overflow: hidden; z-index: 0;\" class=\"moxie-shim moxie-shim-html5\" id=\"html5_19k2bk0et18st1ubg10il1ocd1afob_container\"><input id=\"html5_19k2bk0et18st1ubg10il1ocd1afob\" style=\"font-size: 999px; opacity: 0; position: absolute; top: 0px; left: 0px; width: 100%; height: 100%;\" accept=\"image/jpeg,image/png,image/gif\" type=\"file\"></div><div style=\"position: absolute; top: 942px; left: 262px; width: 70px; height: 29px; overflow: hidden; z-index: 0;\" class=\"moxie-shim moxie-shim-html5\" id=\"html5_1a10gm14a1kro24g150eth61k5fb_container\"><input id=\"html5_1a10gm14a1kro24g150eth61k5fb\" style=\"font-size: 999px; opacity: 0; position: absolute; top: 0px; left: 0px; width: 100%; height: 100%;\" multiple=\"\" accept=\"image/jpeg,image/png,image/gif\" type=\"file\"></div></div>\n</div>        "},{"uid":"063396499841474","type":"text","html":"\n            <p><strong data-verified=\"redactor\" data-redactor-tag=\"strong\">Julius Cesar </strong><br>Front-end Developer&nbsp;</p><p>Curabitur eget dui id metus pulvinar suscipit. Quisque vitae ligula laoreet, scelerisque leo quis, facilisis metus.</p>        ","data":{},"blocks":[],"nested":true,"isolated":false,"text":"\n            Julius Cesar Front-end Developer Curabitur eget dui id metus pulvinar suscipit. Quisque vitae ligula laoreet, scelerisque leo quis, facilisis metus.        ","editableHtml":"\n            <div class=\"ebd-nest\" data-type=\"content\" data-eb-text-block-wrapper=\"\"><div data-eb-text-content-wrapper=\"\" data-content-type=\"html\" contenteditable=\"true\">\n            <p><strong data-verified=\"redactor\" data-redactor-tag=\"strong\">Julius Cesar </strong><br>Front-end Developer&nbsp;</p><p>Curabitur eget dui id metus pulvinar suscipit. Quisque vitae ligula laoreet, scelerisque leo quis, facilisis metus.</p>        </div></div>        "},{"uid":"03488495028577745","type":"image","html":"","data":{"isurl":false,"url":"","uri":"","variation":"","size_enabled":true,"mode":"simple","mode_lock":false,"fluid":false,"width":"","width_lock":false,"height":"","height_lock":false,"ratio":"","ratio_lock":true,"alignment":"center","strategy":"fit","element_width":"","element_height":"","element_top":"","element_left":"","element_ratio":"","element_ratio_lock":true,"natural_width":"","natural_height":"","natural_ratio":"","style_enabled":true,"style":"clear","caption_enabled":true,"caption_text":"","link_enabled":true,"link_url":"","link_title":"","link_target":"","popup_enabled":true,"popup_url":"","popup_uri":"","popup_variation":""},"blocks":[],"nested":true,"isolated":false,"style":"text-align: center;","text":"\nundefined","editableHtml":"\n            <div class=\"eb-composer-placeholder eb-composer-placeholder-image text-center\" data-eb-composer-image-placeholder=\"\" data-key=\"_cG9zdA--\" data-type=\"image\" data-plupload-multi-selection=\"0\">\n\n    <div data-plupload-drop-element=\"\" style=\"position: relative;\">\n        <i class=\"eb-composer-placeholder-icon fa fa-camera\"></i>\n\n                <b class=\"eb-composer-placeholder-title\">Drop an image block here</b>\n        <p class=\"eb-composer-placeholder-brief\">Supports jpeg, png, gif.</p>\n        \n        <button type=\"button\" class=\"btn btn-sm btn-primary\" data-eb-mm-browse-button=\"\" data-eb-mm-start-uri=\"_cG9zdA--\" data-eb-mm-filter=\"image\">\n            <i class=\"fa fa-photo\"></i> Browse Media        </button>\n\n                <button type=\"button\" class=\"btn btn-sm btn-primary\" data-plupload-browse-button=\"\" style=\"position: relative; z-index: 1;\">\n            <i class=\"fa fa-upload\"></i> Upload        </button>\n        \n\n        <div class=\"eb-composer-upload-progress\" data-eb-mm-upload-progress=\"\">\n    <div class=\"col-cell\">\n        <div class=\"progress\">\n            <b class=\"progress-bar progress-bar-success progress-bar-striped\" role=\"progressbar\" aria-valuenow=\"0\" aria-valuemin=\"0\" aria-valuemax=\"100\" style=\"width: 0%;\" data-eb-mm-upload-progress-bar=\"\"></b>\n        </div>\n    </div>\n    <div class=\"col-cell\">\n        <div class=\"progress-value\" data-eb-mm-upload-progress-value=\"\">0%</div>\n        <span data-eb-mm-upload-name=\"\" class=\"hide\"></span>\n    </div>\n</div>\n        <div class=\"eb-composer-placeholder-fail\">\n    <div class=\"row-table\">\n        <div class=\"col-cell\">\n            <p data-eb-mm-upload-error-text=\"\"></p>\n            <a href=\"javascript:void(0);\" class=\"btn btn-primary\" data-eb-mm-upload-error-retry=\"\">Try Again</a>\n        </div>\n    </div>\n</div>    <div id=\"html5_19jirfvs4ph2p40iopdj41it1p_container\" class=\"moxie-shim moxie-shim-html5\" style=\"position: absolute; top: 1000px; left: 95px; width: 70px; height: 28px; overflow: hidden; z-index: 0;\"><input id=\"html5_19jirfvs4ph2p40iopdj41it1p\" style=\"font-size: 999px; opacity: 0; position: absolute; top: 0px; left: 0px; width: 100%; height: 100%;\" accept=\"image/jpeg,image/png,image/gif\" type=\"file\"></div><div style=\"position: absolute; top: 959px; left: 264px; width: 70px; height: 29px; overflow: hidden; z-index: 0;\" class=\"moxie-shim moxie-shim-html5\" id=\"html5_19k2bk0et18st1ubg10il1ocd1afob_container\"><input id=\"html5_19k2bk0et18st1ubg10il1ocd1afob\" style=\"font-size: 999px; opacity: 0; position: absolute; top: 0px; left: 0px; width: 100%; height: 100%;\" accept=\"image/jpeg,image/png,image/gif\" type=\"file\"></div><div style=\"position: absolute; top: 942px; left: 262px; width: 70px; height: 29px; overflow: hidden; z-index: 0;\" class=\"moxie-shim moxie-shim-html5\" id=\"html5_1a10gm14a1kro24g150eth61k5fb_container\"><input id=\"html5_1a10gm14a1kro24g150eth61k5fb\" style=\"font-size: 999px; opacity: 0; position: absolute; top: 0px; left: 0px; width: 100%; height: 100%;\" multiple=\"\" accept=\"image/jpeg,image/png,image/gif\" type=\"file\"></div></div>\n</div>        "},{"uid":"063396499841474","type":"text","html":"\n            <p><strong data-verified=\"redactor\" data-redactor-tag=\"strong\">Julius Cesar </strong><br>Front-end Developer&nbsp;</p><p>Curabitur eget dui id metus pulvinar suscipit. Quisque vitae ligula laoreet, scelerisque leo quis, facilisis metus.</p>        ","data":{},"blocks":[],"nested":true,"isolated":false,"text":"\n            Julius Cesar Front-end Developer Curabitur eget dui id metus pulvinar suscipit. Quisque vitae ligula laoreet, scelerisque leo quis, facilisis metus.        ","editableHtml":"\n            <div class=\"ebd-nest\" data-type=\"content\" data-eb-text-block-wrapper=\"\"><div data-eb-text-content-wrapper=\"\" data-content-type=\"html\" contenteditable=\"true\">\n            <p><strong data-verified=\"redactor\" data-redactor-tag=\"strong\">Julius Cesar </strong><br>Front-end Developer&nbsp;</p><p>Curabitur eget dui id metus pulvinar suscipit. Quisque vitae ligula laoreet, scelerisque leo quis, facilisis metus.</p>        </div></div>        "}],"nested":false,"isolated":false,"text":"\n            \n    \n        \n    \n        \n    \n    \n        \n            \n\n    \n        \n\n                Drop an image block here\n        Supports jpeg, png, gif.\n        \n        \n             Browse Media        \n\n                \n             Upload        \n        \n\n        \n    \n        \n            \n        \n    \n    \n        0%\n        \n    \n\n        \n    \n        \n            \n            Try Again\n        \n    \n    \n        \n        \n            \n                \n            \n        \n    \n    \n        \n            \n                Drag to move block.\n            \n        \n    \n\n\n\n\n            \n        \n    \n    \n        \n            \n    \n        \n    \n    \n        \n            \n            Julius Cesar Front-end Developer Curabitur eget dui id metus pulvinar suscipit. Quisque vitae ligula laoreet, scelerisque leo quis, facilisis metus.                \n        \n            \n                \n            \n        \n    \n    \n        \n            \n                Drag to move block.\n            \n        \n    \n\n\n\n\n        \n    \n        ","editableHtml":"\n            <div class=\"row\" data-responsive=\"400,300,200,100\">\n    <div class=\"col col-md-3\" data-size=\"6\">\n        <div class=\"ebd-nest\" data-type=\"block\" data-col-wrapper=\"\"><!--block03488495028577745-->\n\n\n\n            \n        </div>\n    </div>\n    <div class=\"col col-md-9\" data-size=\"6\">\n        <div class=\"ebd-nest\" data-type=\"block\" data-col-wrapper=\"\">\n            <!--block063396499841474-->\n\n\n\n        </div>\n    </div>\n</div>        "},{"uid":"09532270370982587","type":"rule","html":"\n            <hr>        ","data":{},"blocks":[],"nested":false,"isolated":false,"text":"","editableHtml":"\n            <hr>        "},{"uid":"08414754318073392","type":"columns","html":"\n            <div class=\"row\" data-responsive=\"400,300,200,100\">\n    <div class=\"col col-md-3\" data-size=\"6\">\n        \n    <!--block07281011568848044--></div>\n    <div class=\"col col-md-9\" data-size=\"6\">\n        \n    <!--block08399178786203265--></div>\n</div>        ","data":{"columns":[{"size":6,"content":"COM_EASYBLOG_BLOCK_COLUMN_DEFAULT_TITLE"},{"size":6,"content":"COM_EASYBLOG_BLOCK_COLUMN_DEFAULT_TITLE"}]},"blocks":[{"uid":"07281011568848044","type":"image","html":"","data":{"isurl":false,"url":"","uri":"","variation":"","size_enabled":true,"mode":"simple","mode_lock":false,"fluid":false,"width":"","width_lock":false,"height":"","height_lock":false,"ratio":"","ratio_lock":true,"alignment":"center","strategy":"fit","element_width":"","element_height":"","element_top":"","element_left":"","element_ratio":"","element_ratio_lock":true,"natural_width":"","natural_height":"","natural_ratio":"","style_enabled":true,"style":"clear","caption_enabled":true,"caption_text":"","link_enabled":true,"link_url":"","link_title":"","link_target":"","popup_enabled":true,"popup_url":"","popup_uri":"","popup_variation":""},"blocks":[],"nested":true,"isolated":false,"style":"text-align: center;","text":"\nundefined","editableHtml":"\n            <div class=\"eb-composer-placeholder eb-composer-placeholder-image text-center\" data-eb-composer-image-placeholder=\"\" data-key=\"_cG9zdA--\" data-type=\"image\" data-plupload-multi-selection=\"0\">\n\n    <div data-plupload-drop-element=\"\" style=\"position: relative;\">\n        <i class=\"eb-composer-placeholder-icon fa fa-camera\"></i>\n\n                <b class=\"eb-composer-placeholder-title\">Drop an image block here</b>\n        <p class=\"eb-composer-placeholder-brief\">Supports jpeg, png, gif.</p>\n        \n        <button type=\"button\" class=\"btn btn-sm btn-primary\" data-eb-mm-browse-button=\"\" data-eb-mm-start-uri=\"_cG9zdA--\" data-eb-mm-filter=\"image\">\n            <i class=\"fa fa-photo\"></i> Browse Media        </button>\n\n                <button type=\"button\" class=\"btn btn-sm btn-primary\" data-plupload-browse-button=\"\" style=\"position: relative; z-index: 1;\">\n            <i class=\"fa fa-upload\"></i> Upload        </button>\n        \n\n        <div class=\"eb-composer-upload-progress\" data-eb-mm-upload-progress=\"\">\n    <div class=\"col-cell\">\n        <div class=\"progress\">\n            <b class=\"progress-bar progress-bar-success progress-bar-striped\" role=\"progressbar\" aria-valuenow=\"0\" aria-valuemin=\"0\" aria-valuemax=\"100\" style=\"width: 0%;\" data-eb-mm-upload-progress-bar=\"\"></b>\n        </div>\n    </div>\n    <div class=\"col-cell\">\n        <div class=\"progress-value\" data-eb-mm-upload-progress-value=\"\">0%</div>\n        <span data-eb-mm-upload-name=\"\" class=\"hide\"></span>\n    </div>\n</div>\n        <div class=\"eb-composer-placeholder-fail\">\n    <div class=\"row-table\">\n        <div class=\"col-cell\">\n            <p data-eb-mm-upload-error-text=\"\"></p>\n            <a href=\"javascript:void(0);\" class=\"btn btn-primary\" data-eb-mm-upload-error-retry=\"\">Try Again</a>\n        </div>\n    </div>\n</div>    <div id=\"html5_19jirf7o51og171u64lu8114cvb_container\" class=\"moxie-shim moxie-shim-html5\" style=\"position: absolute; top: 1067px; left: 95px; width: 70px; height: 28px; overflow: hidden; z-index: 0;\"><input id=\"html5_19jirf7o51og171u64lu8114cvb\" style=\"font-size: 999px; opacity: 0; position: absolute; top: 0px; left: 0px; width: 100%; height: 100%;\" accept=\"image/jpeg,image/png,image/gif\" type=\"file\"></div><div style=\"position: absolute; top: 1192px; left: 264px; width: 70px; height: 29px; overflow: hidden; z-index: 0;\" class=\"moxie-shim moxie-shim-html5\" id=\"html5_19k2bk0fl1iq318u7n7l18bfknre_container\"><input id=\"html5_19k2bk0fl1iq318u7n7l18bfknre\" style=\"font-size: 999px; opacity: 0; position: absolute; top: 0px; left: 0px; width: 100%; height: 100%;\" accept=\"image/jpeg,image/png,image/gif\" type=\"file\"></div><div style=\"position: absolute; top: 1185px; left: 262px; width: 70px; height: 29px; overflow: hidden; z-index: 0;\" class=\"moxie-shim moxie-shim-html5\" id=\"html5_1a10gm14pipv1vbl1cedd3l19tne_container\"><input id=\"html5_1a10gm14pipv1vbl1cedd3l19tne\" style=\"font-size: 999px; opacity: 0; position: absolute; top: 0px; left: 0px; width: 100%; height: 100%;\" multiple=\"\" accept=\"image/jpeg,image/png,image/gif\" type=\"file\"></div></div>\n</div>        "},{"uid":"08399178786203265","type":"text","html":"\n            <p><strong data-verified=\"redactor\" data-redactor-tag=\"strong\">Agness Monica</strong><br>Interface Designer</p><p>Curabitur eget dui id metus pulvinar suscipit. Quisque vitae ligula laoreet, scelerisque leo quis, facilisis metus.</p>        ","data":{},"blocks":[],"nested":true,"isolated":false,"text":"\n            Agness MonicaInterface DesignerCurabitur eget dui id metus pulvinar suscipit. Quisque vitae ligula laoreet, scelerisque leo quis, facilisis metus.        ","editableHtml":"\n            <div class=\"ebd-nest\" data-type=\"content\" data-eb-text-block-wrapper=\"\"><div data-eb-text-content-wrapper=\"\" data-content-type=\"html\" contenteditable=\"true\">\n            <p><strong data-verified=\"redactor\" data-redactor-tag=\"strong\">Agness Monica</strong><br>Interface Designer</p><p>Curabitur eget dui id metus pulvinar suscipit. Quisque vitae ligula laoreet, scelerisque leo quis, facilisis metus.</p>        </div></div>        "},{"uid":"07281011568848044","type":"image","html":"","data":{"isurl":false,"url":"","uri":"","variation":"","size_enabled":true,"mode":"simple","mode_lock":false,"fluid":false,"width":"","width_lock":false,"height":"","height_lock":false,"ratio":"","ratio_lock":true,"alignment":"center","strategy":"fit","element_width":"","element_height":"","element_top":"","element_left":"","element_ratio":"","element_ratio_lock":true,"natural_width":"","natural_height":"","natural_ratio":"","style_enabled":true,"style":"clear","caption_enabled":true,"caption_text":"","link_enabled":true,"link_url":"","link_title":"","link_target":"","popup_enabled":true,"popup_url":"","popup_uri":"","popup_variation":""},"blocks":[],"nested":true,"isolated":false,"style":"text-align: center;","text":"\nundefined","editableHtml":"\n            <div class=\"eb-composer-placeholder eb-composer-placeholder-image text-center\" data-eb-composer-image-placeholder=\"\" data-key=\"_cG9zdA--\" data-type=\"image\" data-plupload-multi-selection=\"0\">\n\n    <div data-plupload-drop-element=\"\" style=\"position: relative;\">\n        <i class=\"eb-composer-placeholder-icon fa fa-camera\"></i>\n\n                <b class=\"eb-composer-placeholder-title\">Drop an image block here</b>\n        <p class=\"eb-composer-placeholder-brief\">Supports jpeg, png, gif.</p>\n        \n        <button type=\"button\" class=\"btn btn-sm btn-primary\" data-eb-mm-browse-button=\"\" data-eb-mm-start-uri=\"_cG9zdA--\" data-eb-mm-filter=\"image\">\n            <i class=\"fa fa-photo\"></i> Browse Media        </button>\n\n                <button type=\"button\" class=\"btn btn-sm btn-primary\" data-plupload-browse-button=\"\" style=\"position: relative; z-index: 1;\">\n            <i class=\"fa fa-upload\"></i> Upload        </button>\n        \n\n        <div class=\"eb-composer-upload-progress\" data-eb-mm-upload-progress=\"\">\n    <div class=\"col-cell\">\n        <div class=\"progress\">\n            <b class=\"progress-bar progress-bar-success progress-bar-striped\" role=\"progressbar\" aria-valuenow=\"0\" aria-valuemin=\"0\" aria-valuemax=\"100\" style=\"width: 0%;\" data-eb-mm-upload-progress-bar=\"\"></b>\n        </div>\n    </div>\n    <div class=\"col-cell\">\n        <div class=\"progress-value\" data-eb-mm-upload-progress-value=\"\">0%</div>\n        <span data-eb-mm-upload-name=\"\" class=\"hide\"></span>\n    </div>\n</div>\n        <div class=\"eb-composer-placeholder-fail\">\n    <div class=\"row-table\">\n        <div class=\"col-cell\">\n            <p data-eb-mm-upload-error-text=\"\"></p>\n            <a href=\"javascript:void(0);\" class=\"btn btn-primary\" data-eb-mm-upload-error-retry=\"\">Try Again</a>\n        </div>\n    </div>\n</div>    <div id=\"html5_19jirf7o51og171u64lu8114cvb_container\" class=\"moxie-shim moxie-shim-html5\" style=\"position: absolute; top: 1067px; left: 95px; width: 70px; height: 28px; overflow: hidden; z-index: 0;\"><input id=\"html5_19jirf7o51og171u64lu8114cvb\" style=\"font-size: 999px; opacity: 0; position: absolute; top: 0px; left: 0px; width: 100%; height: 100%;\" accept=\"image/jpeg,image/png,image/gif\" type=\"file\"></div><div style=\"position: absolute; top: 1192px; left: 264px; width: 70px; height: 29px; overflow: hidden; z-index: 0;\" class=\"moxie-shim moxie-shim-html5\" id=\"html5_19k2bk0fl1iq318u7n7l18bfknre_container\"><input id=\"html5_19k2bk0fl1iq318u7n7l18bfknre\" style=\"font-size: 999px; opacity: 0; position: absolute; top: 0px; left: 0px; width: 100%; height: 100%;\" accept=\"image/jpeg,image/png,image/gif\" type=\"file\"></div><div style=\"position: absolute; top: 1185px; left: 262px; width: 70px; height: 29px; overflow: hidden; z-index: 0;\" class=\"moxie-shim moxie-shim-html5\" id=\"html5_1a10gm14pipv1vbl1cedd3l19tne_container\"><input id=\"html5_1a10gm14pipv1vbl1cedd3l19tne\" style=\"font-size: 999px; opacity: 0; position: absolute; top: 0px; left: 0px; width: 100%; height: 100%;\" multiple=\"\" accept=\"image/jpeg,image/png,image/gif\" type=\"file\"></div></div>\n</div>        "},{"uid":"08399178786203265","type":"text","html":"\n            <p><strong data-verified=\"redactor\" data-redactor-tag=\"strong\">Agness Monica</strong><br>Interface Designer</p><p>Curabitur eget dui id metus pulvinar suscipit. Quisque vitae ligula laoreet, scelerisque leo quis, facilisis metus.</p>        ","data":{},"blocks":[],"nested":true,"isolated":false,"text":"\n            Agness MonicaInterface DesignerCurabitur eget dui id metus pulvinar suscipit. Quisque vitae ligula laoreet, scelerisque leo quis, facilisis metus.        ","editableHtml":"\n            <div class=\"ebd-nest\" data-type=\"content\" data-eb-text-block-wrapper=\"\"><div data-eb-text-content-wrapper=\"\" data-content-type=\"html\" contenteditable=\"true\">\n            <p><strong data-verified=\"redactor\" data-redactor-tag=\"strong\">Agness Monica</strong><br>Interface Designer</p><p>Curabitur eget dui id metus pulvinar suscipit. Quisque vitae ligula laoreet, scelerisque leo quis, facilisis metus.</p>        </div></div>        "}],"nested":false,"isolated":false,"text":"\n            \n    \n        \n    \n        \n    \n    \n        \n            \n\n    \n        \n\n                Drop an image block here\n        Supports jpeg, png, gif.\n        \n        \n             Browse Media        \n\n                \n             Upload        \n        \n\n        \n    \n        \n            \n        \n    \n    \n        0%\n        \n    \n\n        \n    \n        \n            \n            Try Again\n        \n    \n    \n        \n        \n            \n                \n            \n        \n    \n    \n        \n            \n                Drag to move block.\n            \n        \n    \n\n\n\n\n            \n        \n    \n    \n        \n            \n    \n        \n    \n    \n        \n            \n            Agness MonicaInterface DesignerCurabitur eget dui id metus pulvinar suscipit. Quisque vitae ligula laoreet, scelerisque leo quis, facilisis metus.                \n        \n            \n                \n            \n        \n    \n    \n        \n            \n                Drag to move block.\n            \n        \n    \n\n\n\n\n        \n    \n        ","editableHtml":"\n            <div class=\"row\" data-responsive=\"400,300,200,100\">\n    <div class=\"col col-md-3\" data-size=\"6\">\n        <div class=\"ebd-nest\" data-type=\"block\" data-col-wrapper=\"\"><!--block07281011568848044-->\n\n\n\n            \n        </div>\n    </div>\n    <div class=\"col col-md-9\" data-size=\"6\">\n        <div class=\"ebd-nest\" data-type=\"block\" data-col-wrapper=\"\">\n            <!--block08399178786203265-->\n\n\n\n        </div>\n    </div>\n</div>        "}]},
	"system": "1",
	"screenshot": "/components/com_easyblog/assets/images/template-events.png"
}
