{
	"id": "2",
	"title": "Template for News",
	"data": {"title":"Template for News","permalink":"template-for-news","type":"ebd","version":"1.0","blocks":[{"uid":"05234665782190859","type":"text","html":"\n            <p>Tart lollipop candy toffee danish candy liquorice cookie fruitcake. Powder croissant jelly-o jelly-o danish chocolate bar. Chocolate cake gummies croissant halvah jelly beans tootsie roll pudding.&nbsp;</p><p>Danish brownie tart cookie jelly beans tiramisu jelly. Marzipan dragée lollipop cake ice cream. Sesame snaps soufflé soufflé sugar plum ice cream jelly beans chocolate bar brownie. Fruitcake bonbon pastry.&nbsp;</p><p>Tiramisu jujubes marzipan. Biscuit carrot cake fruitcake dragée chocolate donut.</p>        ","data":{},"blocks":[],"nested":false,"isolated":false,"text":"\n            Tart lollipop candy toffee danish candy liquorice cookie fruitcake. Powder croissant jelly-o jelly-o danish chocolate bar. Chocolate cake gummies croissant halvah jelly beans tootsie roll pudding. Danish brownie tart cookie jelly beans tiramisu jelly. Marzipan dragée lollipop cake ice cream. Sesame snaps soufflé soufflé sugar plum ice cream jelly beans chocolate bar brownie. Fruitcake bonbon pastry. Tiramisu jujubes marzipan. Biscuit carrot cake fruitcake dragée chocolate donut.        ","editableHtml":"\n            <div class=\"ebd-nest\" data-type=\"content\" data-eb-text-block-wrapper=\"\"><div data-eb-text-content-wrapper=\"\" data-content-type=\"html\" contenteditable=\"true\">\n            <p>Tart lollipop candy toffee danish candy liquorice cookie fruitcake. Powder croissant jelly-o jelly-o danish chocolate bar. Chocolate cake gummies croissant halvah jelly beans tootsie roll pudding.&nbsp;</p><p>Danish brownie tart cookie jelly beans tiramisu jelly. Marzipan dragée lollipop cake ice cream. Sesame snaps soufflé soufflé sugar plum ice cream jelly beans chocolate bar brownie. Fruitcake bonbon pastry.&nbsp;</p><p>Tiramisu jujubes marzipan. Biscuit carrot cake fruitcake dragée chocolate donut.</p>        </div></div>        "},{"uid":"07758479909971356","type":"quotes","html":"\n            <blockquote class=\"eb-quote style-default\">\n    <p>Jujubes lemon drops tart lollipop brownie<br></p>\n    <cite>Cupcake Ipsum, 2015</cite>\n</blockquote>        ","data":{"style":"style-default","citation":1,"current":"style-default"},"blocks":[],"nested":false,"isolated":false,"text":"","editableHtml":"\n            <blockquote class=\"eb-quote style-default\">\n    <p contenteditable=\"true\">Jujubes lemon drops tart lollipop brownie<br></p>\n    <cite contenteditable=\"true\">Cupcake Ipsum, 2015</cite>\n</blockquote>        "},{"uid":"035853996756486595","type":"text","html":"\n            <p>Lollipop marzipan apple pie oat cake sweet roll carrot cake toffee dessert marzipan. Gummi bears jelly-o liquorice lollipop chocolate bar.&nbsp;</p><p>Pastry jelly jelly sugar plum jelly tiramisu cupcake sugar plum. Pastry pie pudding tiramisu donut ice cream candy. Sweet marshmallow soufflé pudding.&nbsp;<span>Marzipan macaroon jelly beans. Croissant gummi bears chupa chups sugar plum tootsie roll apple pie cupcake.</span></p><p><span>Candy sweet roll jelly beans candy marzipan. Powder jelly-o cookie sweet roll tart pudding croissant bonbon pudding. Gummi bears caramels donut carrot cake carrot cake chupa chups bonbon tootsie roll.<br></span></p>        ","data":{},"blocks":[],"nested":false,"isolated":false,"text":"\n            Lollipop marzipan apple pie oat cake sweet roll carrot cake toffee dessert marzipan. Gummi bears jelly-o liquorice lollipop chocolate bar. Pastry jelly jelly sugar plum jelly tiramisu cupcake sugar plum. Pastry pie pudding tiramisu donut ice cream candy. Sweet marshmallow soufflé pudding. Marzipan macaroon jelly beans. Croissant gummi bears chupa chups sugar plum tootsie roll apple pie cupcake.Candy sweet roll jelly beans candy marzipan. Powder jelly-o cookie sweet roll tart pudding croissant bonbon pudding. Gummi bears caramels donut carrot cake carrot cake chupa chups bonbon tootsie roll.        ","editableHtml":"\n            <div class=\"ebd-nest\" data-type=\"content\" data-eb-text-block-wrapper=\"\"><div data-eb-text-content-wrapper=\"\" data-content-type=\"html\" contenteditable=\"true\">\n            <p>Lollipop marzipan apple pie oat cake sweet roll carrot cake toffee dessert marzipan. Gummi bears jelly-o liquorice lollipop chocolate bar.&nbsp;</p><p>Pastry jelly jelly sugar plum jelly tiramisu cupcake sugar plum. Pastry pie pudding tiramisu donut ice cream candy. Sweet marshmallow soufflé pudding.&nbsp;<span>Marzipan macaroon jelly beans. Croissant gummi bears chupa chups sugar plum tootsie roll apple pie cupcake.</span></p><p><span>Candy sweet roll jelly beans candy marzipan. Powder jelly-o cookie sweet roll tart pudding croissant bonbon pudding. Gummi bears caramels donut carrot cake carrot cake chupa chups bonbon tootsie roll.<br></span></p>        </div></div>        "},{"uid":"04488845628220588","type":"rule","html":"\n            <hr>        ","data":{},"blocks":[],"nested":false,"isolated":false,"text":"","editableHtml":"\n            <hr>        "},{"uid":"037803769996389747","type":"columns","html":"\n            <div class=\"row\" data-responsive=\"400,300,200,100\">\n    <div class=\"col col-md-4\" data-size=\"6\">\n        \n    <!--block04553489580284804--><!--block0993169609690085--><!--block019192429818212986--></div>\n    <div class=\"col col-md-4\" data-size=\"6\">\n        \n    <!--block020360507280565798--><!--block01288135687354952--><!--block02684249742887914--></div>\n<div class=\"col col-md-4\" data-size=\"1\"><!--block08189400548581034--><!--block05865874881856143--><!--block07594925842713565--></div></div>        ","data":{"columns":[{"default":0,"content":"<div class=\"col-cell no-wrap\" style=\"padding-right: 10px;\">Column Size</div>\n                    <div class=\"col-cell\">\n                        <select data-select-width=\"\">\n                            <option>Select Size</option>\n\n                                                        <option value=\"1\">1</option>\n                                                        <option value=\"2\">2</option>\n                                                        <option value=\"3\">3</option>\n                                                        <option value=\"4\">4</option>\n                                                        <option value=\"5\">5</option>\n                                                        <option value=\"6\" selected=\"selected\">6</option>\n                                                        <option value=\"7\">7</option>\n                                                        <option value=\"8\">8</option>\n                                                        <option value=\"9\">9</option>\n                                                        <option value=\"10\">10</option>\n                                                        <option value=\"11\">11</option>\n                                                        <option value=\"12\">12</option>\n                                                    </select>\n                    </div>"},{"default":0,"content":"<div class=\"col-cell no-wrap\" style=\"padding-right: 10px;\">Column Size</div>\n                    <div class=\"col-cell\">\n                        <select data-select-width=\"\">\n                            <option>Select Size</option>\n\n                                                        <option value=\"1\">1</option>\n                                                        <option value=\"2\">2</option>\n                                                        <option value=\"3\">3</option>\n                                                        <option value=\"4\">4</option>\n                                                        <option value=\"5\">5</option>\n                                                        <option value=\"6\" selected=\"selected\">6</option>\n                                                        <option value=\"7\">7</option>\n                                                        <option value=\"8\">8</option>\n                                                        <option value=\"9\">9</option>\n                                                        <option value=\"10\">10</option>\n                                                        <option value=\"11\">11</option>\n                                                        <option value=\"12\">12</option>\n                                                    </select>\n                    </div>"},{"default":0,"content":"<div class=\"col-cell no-wrap\" style=\"padding-right: 10px;\">Column Size</div>\n                    <div class=\"col-cell\">\n                        <select data-select-width=\"\">\n                            <option>Select Size</option>\n\n                                                        <option value=\"1\">1</option>\n                                                        <option value=\"2\">2</option>\n                                                        <option value=\"3\">3</option>\n                                                        <option value=\"4\">4</option>\n                                                        <option value=\"5\">5</option>\n                                                        <option value=\"6\" selected=\"selected\">6</option>\n                                                        <option value=\"7\">7</option>\n                                                        <option value=\"8\">8</option>\n                                                        <option value=\"9\">9</option>\n                                                        <option value=\"10\">10</option>\n                                                        <option value=\"11\">11</option>\n                                                        <option value=\"12\">12</option>\n                                                    </select>\n                    </div>"}]},"blocks":[{"uid":"04553489580284804","type":"image","html":"","data":{"isurl":false,"url":"","uri":"","variation":"","size_enabled":true,"mode":"simple","mode_lock":false,"fluid":false,"width":"","width_lock":false,"height":"","height_lock":false,"ratio":"","ratio_lock":true,"alignment":"center","strategy":"fit","element_width":"","element_height":"","element_top":"","element_left":"","element_ratio":"","element_ratio_lock":true,"natural_width":"","natural_height":"","natural_ratio":"","style_enabled":true,"style":"clear","caption_enabled":true,"caption_text":"","link_enabled":true,"link_url":"","link_title":"","link_target":"","popup_enabled":true,"popup_url":"","popup_uri":"","popup_variation":""},"blocks":[],"nested":true,"isolated":false,"style":"text-align: center;","text":"\nundefined","editableHtml":"\n            <div class=\"eb-composer-placeholder eb-composer-placeholder-image text-center\" data-eb-composer-image-placeholder=\"\" data-key=\"_cG9zdA--\" data-type=\"image\" data-plupload-multi-selection=\"0\">\n\n    <div data-plupload-drop-element=\"\" style=\"position: relative;\">\n        <i class=\"eb-composer-placeholder-icon fa fa-camera\"></i>\n\n                <b class=\"eb-composer-placeholder-title\">Drop an image block here</b>\n        <p class=\"eb-composer-placeholder-brief\">Supports jpeg, png, gif.</p>\n        \n        <button type=\"button\" class=\"btn btn-sm btn-primary\" data-eb-mm-browse-button=\"\" data-eb-mm-start-uri=\"_cG9zdA--\" data-eb-mm-filter=\"image\">\n            <i class=\"fa fa-photo\"></i> Browse Media        </button>\n\n                <button type=\"button\" class=\"btn btn-sm btn-primary\" data-plupload-browse-button=\"\" style=\"position: relative; z-index: 1;\">\n            <i class=\"fa fa-upload\"></i> Upload        </button>\n        \n\n        <div class=\"eb-composer-upload-progress\" data-eb-mm-upload-progress=\"\">\n    <div class=\"col-cell\">\n        <div class=\"progress\">\n            <b class=\"progress-bar progress-bar-success progress-bar-striped\" role=\"progressbar\" aria-valuenow=\"0\" aria-valuemin=\"0\" aria-valuemax=\"100\" style=\"width: 0%;\" data-eb-mm-upload-progress-bar=\"\"></b>\n        </div>\n    </div>\n    <div class=\"col-cell\">\n        <div class=\"progress-value\" data-eb-mm-upload-progress-value=\"\">0%</div>\n        <span data-eb-mm-upload-name=\"\" class=\"hide\"></span>\n    </div>\n</div>\n        <div class=\"eb-composer-placeholder-fail\">\n    <div class=\"row-table\">\n        <div class=\"col-cell\">\n            <p data-eb-mm-upload-error-text=\"\"></p>\n            <a href=\"javascript:void(0);\" class=\"btn btn-primary\" data-eb-mm-upload-error-retry=\"\">Try Again</a>\n        </div>\n    </div>\n</div>    <div id=\"html5_19jir9d82ksh1g6oihrf38u8ri_container\" class=\"moxie-shim moxie-shim-html5\" style=\"position: absolute; top: 671px; left: 195px; width: 70px; height: 28px; overflow: hidden; z-index: 0;\"><input id=\"html5_19jir9d82ksh1g6oihrf38u8ri\" style=\"font-size: 999px; opacity: 0; position: absolute; top: 0px; left: 0px; width: 100%; height: 100%;\" accept=\"image/jpeg,image/png,image/gif\" type=\"file\"></div><div style=\"position: absolute; top: 665px; left: 318px; width: 70px; height: 29px; overflow: hidden; z-index: 0;\" class=\"moxie-shim moxie-shim-html5\" id=\"html5_1a10g69ms1683rkgfeo1occ1rssb_container\"><input id=\"html5_1a10g69ms1683rkgfeo1occ1rssb\" style=\"font-size: 999px; opacity: 0; position: absolute; top: 0px; left: 0px; width: 100%; height: 100%;\" multiple=\"\" accept=\"image/jpeg,image/png,image/gif\" type=\"file\"></div><div style=\"position: absolute; top: 665px; left: 318px; width: 70px; height: 29px; overflow: hidden; z-index: 0;\" class=\"moxie-shim moxie-shim-html5\" id=\"html5_1a1dtgqca1gai9j91ugo1defjn2b_container\"><input id=\"html5_1a1dtgqca1gai9j91ugo1defjn2b\" style=\"font-size: 999px; opacity: 0; position: absolute; top: 0px; left: 0px; width: 100%; height: 100%;\" multiple=\"\" accept=\"image/jpeg,image/png,image/gif\" type=\"file\"></div></div>\n</div>        "},{"uid":"0993169609690085","type":"heading","html":"\n            <h4><br><a href=\"http://www.google.com\" title=\"\" class=\"\" target=\"_blank\">Related Post Title A</a></h4>        ","data":{},"blocks":[],"nested":true,"isolated":false,"text":"\n    \n        \n    \n    \n        \n            Related Post Title A        \n        \n            \n                \n            \n        \n    \n    \n        \n            \n                Drag to move block.\n            \n        \n    \n","editableHtml":"\n            <h4 contenteditable=\"true\"><br><a href=\"http://www.google.com\" title=\"\" class=\"\" target=\"_blank\">Related Post Title A</a></h4>        "},{"uid":"019192429818212986","type":"text","html":"\n            <p>Gummi bears caramels donut carrot cake carrot cake chupa chups bonbon tootsie roll.</p>        ","data":{},"blocks":[],"nested":true,"isolated":false,"text":"\n            Gummi bears caramels donut carrot cake carrot cake chupa chups bonbon tootsie roll.        ","editableHtml":"\n            <div class=\"ebd-nest\" data-type=\"content\" data-eb-text-block-wrapper=\"\"><div data-eb-text-content-wrapper=\"\" data-content-type=\"html\" contenteditable=\"true\">\n            <p>Gummi bears caramels donut carrot cake carrot cake chupa chups bonbon tootsie roll.</p>        </div></div>        "},{"uid":"020360507280565798","type":"image","html":"","data":{"isurl":false,"url":"","uri":"","variation":"","size_enabled":true,"mode":"simple","mode_lock":false,"fluid":false,"width":"","width_lock":false,"height":"","height_lock":false,"ratio":"","ratio_lock":true,"alignment":"center","strategy":"fit","element_width":"","element_height":"","element_top":"","element_left":"","element_ratio":"","element_ratio_lock":true,"natural_width":"","natural_height":"","natural_ratio":"","style_enabled":true,"style":"clear","caption_enabled":true,"caption_text":"","link_enabled":true,"link_url":"","link_title":"","link_target":"","popup_enabled":true,"popup_url":"","popup_uri":"","popup_variation":""},"blocks":[],"nested":true,"isolated":false,"style":"text-align: center;","text":"\nundefined","editableHtml":"\n            <div class=\"eb-composer-placeholder eb-composer-placeholder-image text-center\" data-eb-composer-image-placeholder=\"\" data-key=\"_cG9zdA--\" data-type=\"image\" data-plupload-multi-selection=\"0\">\n\n    <div data-plupload-drop-element=\"\" style=\"position: relative;\">\n        <i class=\"eb-composer-placeholder-icon fa fa-camera\"></i>\n\n                <b class=\"eb-composer-placeholder-title\">Drop an image block here</b>\n        <p class=\"eb-composer-placeholder-brief\">Supports jpeg, png, gif.</p>\n        \n        <button type=\"button\" class=\"btn btn-sm btn-primary\" data-eb-mm-browse-button=\"\" data-eb-mm-start-uri=\"_cG9zdA--\" data-eb-mm-filter=\"image\">\n            <i class=\"fa fa-photo\"></i> Browse Media        </button>\n\n                <button type=\"button\" class=\"btn btn-sm btn-primary\" data-plupload-browse-button=\"\" style=\"position: relative; z-index: 1;\">\n            <i class=\"fa fa-upload\"></i> Upload        </button>\n        \n\n        <div class=\"eb-composer-upload-progress\" data-eb-mm-upload-progress=\"\">\n    <div class=\"col-cell\">\n        <div class=\"progress\">\n            <b class=\"progress-bar progress-bar-success progress-bar-striped\" role=\"progressbar\" aria-valuenow=\"0\" aria-valuemin=\"0\" aria-valuemax=\"100\" style=\"width: 0%;\" data-eb-mm-upload-progress-bar=\"\"></b>\n        </div>\n    </div>\n    <div class=\"col-cell\">\n        <div class=\"progress-value\" data-eb-mm-upload-progress-value=\"\">0%</div>\n        <span data-eb-mm-upload-name=\"\" class=\"hide\"></span>\n    </div>\n</div>\n        <div class=\"eb-composer-placeholder-fail\">\n    <div class=\"row-table\">\n        <div class=\"col-cell\">\n            <p data-eb-mm-upload-error-text=\"\"></p>\n            <a href=\"javascript:void(0);\" class=\"btn btn-primary\" data-eb-mm-upload-error-retry=\"\">Try Again</a>\n        </div>\n    </div>\n</div>    <div id=\"html5_19jir9n5l1tv61kr4s9a17511e5tp_container\" class=\"moxie-shim moxie-shim-html5\" style=\"position: absolute; top: 671px; left: 554px; width: 70px; height: 28px; overflow: hidden; z-index: 0;\"><input id=\"html5_19jir9n5l1tv61kr4s9a17511e5tp\" style=\"font-size: 999px; opacity: 0; position: absolute; top: 0px; left: 0px; width: 100%; height: 100%;\" accept=\"image/jpeg,image/png,image/gif\" type=\"file\"></div><div style=\"position: absolute; top: 665px; left: 762px; width: 70px; height: 29px; overflow: hidden; z-index: 0;\" class=\"moxie-shim moxie-shim-html5\" id=\"html5_1a10g69ndh1bbtpatq16agirle_container\"><input id=\"html5_1a10g69ndh1bbtpatq16agirle\" style=\"font-size: 999px; opacity: 0; position: absolute; top: 0px; left: 0px; width: 100%; height: 100%;\" multiple=\"\" accept=\"image/jpeg,image/png,image/gif\" type=\"file\"></div><div style=\"position: absolute; top: 665px; left: 762px; width: 70px; height: 29px; overflow: hidden; z-index: 0;\" class=\"moxie-shim moxie-shim-html5\" id=\"html5_1a1dtgqco8d01sjd1rjc5vh1n72e_container\"><input id=\"html5_1a1dtgqco8d01sjd1rjc5vh1n72e\" style=\"font-size: 999px; opacity: 0; position: absolute; top: 0px; left: 0px; width: 100%; height: 100%;\" multiple=\"\" accept=\"image/jpeg,image/png,image/gif\" type=\"file\"></div></div>\n</div>        "},{"uid":"01288135687354952","type":"heading","html":"\n            <h4><br><a href=\"http://www.google.com\" title=\"\" class=\"\" target=\"_blank\">Related Post Title B</a><br></h4>        ","data":{},"blocks":[],"nested":true,"isolated":false,"text":"\n    \n        \n    \n    \n        \n            Related Post Title B        \n        \n            \n                \n            \n        \n    \n    \n        \n            \n                Drag to move block.\n            \n        \n    \n","editableHtml":"\n            <h4 contenteditable=\"true\"><br><a href=\"http://www.google.com\" title=\"\" class=\"\" target=\"_blank\">Related Post Title B</a><br></h4>        "},{"uid":"02684249742887914","type":"text","html":"\n            <p>Gummi bears caramels donut carrot cake carrot cake chupa chups bonbon tootsie roll.</p>        ","data":{},"blocks":[],"nested":true,"isolated":false,"text":"\n            Gummi bears caramels donut carrot cake carrot cake chupa chups bonbon tootsie roll.        ","editableHtml":"\n            <div class=\"ebd-nest\" data-type=\"content\" data-eb-text-block-wrapper=\"\"><div data-eb-text-content-wrapper=\"\" data-content-type=\"html\" contenteditable=\"true\">\n            <p>Gummi bears caramels donut carrot cake carrot cake chupa chups bonbon tootsie roll.</p>        </div></div>        "},{"uid":"08189400548581034","type":"image","html":"","data":{"isurl":false,"url":"","uri":"","variation":"","size_enabled":true,"mode":"simple","mode_lock":false,"fluid":false,"width":"","width_lock":false,"height":"","height_lock":false,"ratio":"","ratio_lock":true,"alignment":"center","strategy":"fit","element_width":"","element_height":"","element_top":"","element_left":"","element_ratio":"","element_ratio_lock":true,"natural_width":"","natural_height":"","natural_ratio":"","style_enabled":true,"style":"clear","caption_enabled":true,"caption_text":"","link_enabled":true,"link_url":"","link_title":"","link_target":"","popup_enabled":true,"popup_url":"","popup_uri":"","popup_variation":""},"blocks":[],"nested":true,"isolated":false,"style":"text-align: center;","text":"\nundefined","editableHtml":"\n            <div class=\"eb-composer-placeholder eb-composer-placeholder-image text-center\" data-eb-composer-image-placeholder=\"\" data-key=\"_cG9zdA--\" data-type=\"image\" data-plupload-multi-selection=\"0\">\n\n    <div data-plupload-drop-element=\"\" style=\"position: relative;\">\n        <i class=\"eb-composer-placeholder-icon fa fa-camera\"></i>\n\n                <b class=\"eb-composer-placeholder-title\">Drop an image block here</b>\n        <p class=\"eb-composer-placeholder-brief\">Supports jpeg, png, gif.</p>\n        \n        <button type=\"button\" class=\"btn btn-sm btn-primary\" data-eb-mm-browse-button=\"\" data-eb-mm-start-uri=\"_cG9zdA--\" data-eb-mm-filter=\"image\">\n            <i class=\"fa fa-photo\"></i> Browse Media        </button>\n\n                <button type=\"button\" class=\"btn btn-sm btn-primary\" data-plupload-browse-button=\"\" style=\"position: relative; z-index: 1;\">\n            <i class=\"fa fa-upload\"></i> Upload        </button>\n        \n\n        <div class=\"eb-composer-upload-progress\" data-eb-mm-upload-progress=\"\">\n    <div class=\"col-cell\">\n        <div class=\"progress\">\n            <b class=\"progress-bar progress-bar-success progress-bar-striped\" role=\"progressbar\" aria-valuenow=\"0\" aria-valuemin=\"0\" aria-valuemax=\"100\" style=\"width: 0%;\" data-eb-mm-upload-progress-bar=\"\"></b>\n        </div>\n    </div>\n    <div class=\"col-cell\">\n        <div class=\"progress-value\" data-eb-mm-upload-progress-value=\"\">0%</div>\n        <span data-eb-mm-upload-name=\"\" class=\"hide\"></span>\n    </div>\n</div>\n        <div class=\"eb-composer-placeholder-fail\">\n    <div class=\"row-table\">\n        <div class=\"col-cell\">\n            <p data-eb-mm-upload-error-text=\"\"></p>\n            <a href=\"javascript:void(0);\" class=\"btn btn-primary\" data-eb-mm-upload-error-retry=\"\">Try Again</a>\n        </div>\n    </div>\n</div>    <div id=\"html5_19jira09b1bal1tb5fol7491iho10_container\" class=\"moxie-shim moxie-shim-html5\" style=\"position: absolute; top: 671px; left: 914px; width: 70px; height: 28px; overflow: hidden; z-index: 0;\"><input id=\"html5_19jira09b1bal1tb5fol7491iho10\" style=\"font-size: 999px; opacity: 0; position: absolute; top: 0px; left: 0px; width: 100%; height: 100%;\" accept=\"image/jpeg,image/png,image/gif\" type=\"file\"></div><div style=\"position: absolute; top: 665px; left: 1207px; width: 70px; height: 29px; overflow: hidden; z-index: 0;\" class=\"moxie-shim moxie-shim-html5\" id=\"html5_1a10g69np4th1becama166f60ah_container\"><input id=\"html5_1a10g69np4th1becama166f60ah\" style=\"font-size: 999px; opacity: 0; position: absolute; top: 0px; left: 0px; width: 100%; height: 100%;\" multiple=\"\" accept=\"image/jpeg,image/png,image/gif\" type=\"file\"></div><div style=\"position: absolute; top: 665px; left: 1207px; width: 70px; height: 29px; overflow: hidden; z-index: 0;\" class=\"moxie-shim moxie-shim-html5\" id=\"html5_1a1dtgqd318dqqb42fd1js21gknh_container\"><input id=\"html5_1a1dtgqd318dqqb42fd1js21gknh\" style=\"font-size: 999px; opacity: 0; position: absolute; top: 0px; left: 0px; width: 100%; height: 100%;\" multiple=\"\" accept=\"image/jpeg,image/png,image/gif\" type=\"file\"></div></div>\n</div>        "},{"uid":"05865874881856143","type":"heading","html":"\n            <h4><br><a href=\"http://www.google.com\" title=\"\" class=\"\" target=\"_blank\">Related Post Title C</a><br></h4>        ","data":{},"blocks":[],"nested":true,"isolated":false,"text":"\n    \n        \n    \n    \n        \n            Related Post Title C        \n        \n            \n                \n            \n        \n    \n    \n        \n            \n                Drag to move block.\n            \n        \n    \n","editableHtml":"\n            <h4 contenteditable=\"true\"><br><a href=\"http://www.google.com\" title=\"\" class=\"\" target=\"_blank\">Related Post Title C</a><br></h4>        "},{"uid":"07594925842713565","type":"text","html":"\n            <p>Gummi bears caramels donut carrot cake carrot cake chupa chups bonbon tootsie roll.</p>        ","data":{},"blocks":[],"nested":true,"isolated":false,"text":"\n            Gummi bears caramels donut carrot cake carrot cake chupa chups bonbon tootsie roll.        ","editableHtml":"\n            <div class=\"ebd-nest\" data-type=\"content\" data-eb-text-block-wrapper=\"\"><div data-eb-text-content-wrapper=\"\" data-content-type=\"html\" contenteditable=\"true\">\n            <p>Gummi bears caramels donut carrot cake carrot cake chupa chups bonbon tootsie roll.</p>        </div></div>        "},{"uid":"04553489580284804","type":"image","html":"","data":{"isurl":false,"url":"","uri":"","variation":"","size_enabled":true,"mode":"simple","mode_lock":false,"fluid":false,"width":"","width_lock":false,"height":"","height_lock":false,"ratio":"","ratio_lock":true,"alignment":"center","strategy":"fit","element_width":"","element_height":"","element_top":"","element_left":"","element_ratio":"","element_ratio_lock":true,"natural_width":"","natural_height":"","natural_ratio":"","style_enabled":true,"style":"clear","caption_enabled":true,"caption_text":"","link_enabled":true,"link_url":"","link_title":"","link_target":"","popup_enabled":true,"popup_url":"","popup_uri":"","popup_variation":""},"blocks":[],"nested":true,"isolated":false,"style":"text-align: center;","text":"\nundefined","editableHtml":"\n            <div class=\"eb-composer-placeholder eb-composer-placeholder-image text-center\" data-eb-composer-image-placeholder=\"\" data-key=\"_cG9zdA--\" data-type=\"image\" data-plupload-multi-selection=\"0\">\n\n    <div data-plupload-drop-element=\"\" style=\"position: relative;\">\n        <i class=\"eb-composer-placeholder-icon fa fa-camera\"></i>\n\n                <b class=\"eb-composer-placeholder-title\">Drop an image block here</b>\n        <p class=\"eb-composer-placeholder-brief\">Supports jpeg, png, gif.</p>\n        \n        <button type=\"button\" class=\"btn btn-sm btn-primary\" data-eb-mm-browse-button=\"\" data-eb-mm-start-uri=\"_cG9zdA--\" data-eb-mm-filter=\"image\">\n            <i class=\"fa fa-photo\"></i> Browse Media        </button>\n\n                <button type=\"button\" class=\"btn btn-sm btn-primary\" data-plupload-browse-button=\"\" style=\"position: relative; z-index: 1;\">\n            <i class=\"fa fa-upload\"></i> Upload        </button>\n        \n\n        <div class=\"eb-composer-upload-progress\" data-eb-mm-upload-progress=\"\">\n    <div class=\"col-cell\">\n        <div class=\"progress\">\n            <b class=\"progress-bar progress-bar-success progress-bar-striped\" role=\"progressbar\" aria-valuenow=\"0\" aria-valuemin=\"0\" aria-valuemax=\"100\" style=\"width: 0%;\" data-eb-mm-upload-progress-bar=\"\"></b>\n        </div>\n    </div>\n    <div class=\"col-cell\">\n        <div class=\"progress-value\" data-eb-mm-upload-progress-value=\"\">0%</div>\n        <span data-eb-mm-upload-name=\"\" class=\"hide\"></span>\n    </div>\n</div>\n        <div class=\"eb-composer-placeholder-fail\">\n    <div class=\"row-table\">\n        <div class=\"col-cell\">\n            <p data-eb-mm-upload-error-text=\"\"></p>\n            <a href=\"javascript:void(0);\" class=\"btn btn-primary\" data-eb-mm-upload-error-retry=\"\">Try Again</a>\n        </div>\n    </div>\n</div>    <div id=\"html5_19jir9d82ksh1g6oihrf38u8ri_container\" class=\"moxie-shim moxie-shim-html5\" style=\"position: absolute; top: 671px; left: 195px; width: 70px; height: 28px; overflow: hidden; z-index: 0;\"><input id=\"html5_19jir9d82ksh1g6oihrf38u8ri\" style=\"font-size: 999px; opacity: 0; position: absolute; top: 0px; left: 0px; width: 100%; height: 100%;\" accept=\"image/jpeg,image/png,image/gif\" type=\"file\"></div><div style=\"position: absolute; top: 665px; left: 318px; width: 70px; height: 29px; overflow: hidden; z-index: 0;\" class=\"moxie-shim moxie-shim-html5\" id=\"html5_1a10g69ms1683rkgfeo1occ1rssb_container\"><input id=\"html5_1a10g69ms1683rkgfeo1occ1rssb\" style=\"font-size: 999px; opacity: 0; position: absolute; top: 0px; left: 0px; width: 100%; height: 100%;\" multiple=\"\" accept=\"image/jpeg,image/png,image/gif\" type=\"file\"></div><div style=\"position: absolute; top: 665px; left: 318px; width: 70px; height: 29px; overflow: hidden; z-index: 0;\" class=\"moxie-shim moxie-shim-html5\" id=\"html5_1a1dtgqca1gai9j91ugo1defjn2b_container\"><input id=\"html5_1a1dtgqca1gai9j91ugo1defjn2b\" style=\"font-size: 999px; opacity: 0; position: absolute; top: 0px; left: 0px; width: 100%; height: 100%;\" multiple=\"\" accept=\"image/jpeg,image/png,image/gif\" type=\"file\"></div></div>\n</div>        "},{"uid":"0993169609690085","type":"heading","html":"\n            <h4><br><a href=\"http://www.google.com\" title=\"\" class=\"\" target=\"_blank\">Related Post Title A</a></h4>        ","data":{},"blocks":[],"nested":true,"isolated":false,"text":"\n    \n        \n    \n    \n        \n            Related Post Title A        \n        \n            \n                \n            \n        \n    \n    \n        \n            \n                Drag to move block.\n            \n        \n    \n","editableHtml":"\n            <h4 contenteditable=\"true\"><br><a href=\"http://www.google.com\" title=\"\" class=\"\" target=\"_blank\">Related Post Title A</a></h4>        "},{"uid":"019192429818212986","type":"text","html":"\n            <p>Gummi bears caramels donut carrot cake carrot cake chupa chups bonbon tootsie roll.</p>        ","data":{},"blocks":[],"nested":true,"isolated":false,"text":"\n            Gummi bears caramels donut carrot cake carrot cake chupa chups bonbon tootsie roll.        ","editableHtml":"\n            <div class=\"ebd-nest\" data-type=\"content\" data-eb-text-block-wrapper=\"\"><div data-eb-text-content-wrapper=\"\" data-content-type=\"html\" contenteditable=\"true\">\n            <p>Gummi bears caramels donut carrot cake carrot cake chupa chups bonbon tootsie roll.</p>        </div></div>        "},{"uid":"020360507280565798","type":"image","html":"","data":{"isurl":false,"url":"","uri":"","variation":"","size_enabled":true,"mode":"simple","mode_lock":false,"fluid":false,"width":"","width_lock":false,"height":"","height_lock":false,"ratio":"","ratio_lock":true,"alignment":"center","strategy":"fit","element_width":"","element_height":"","element_top":"","element_left":"","element_ratio":"","element_ratio_lock":true,"natural_width":"","natural_height":"","natural_ratio":"","style_enabled":true,"style":"clear","caption_enabled":true,"caption_text":"","link_enabled":true,"link_url":"","link_title":"","link_target":"","popup_enabled":true,"popup_url":"","popup_uri":"","popup_variation":""},"blocks":[],"nested":true,"isolated":false,"style":"text-align: center;","text":"\nundefined","editableHtml":"\n            <div class=\"eb-composer-placeholder eb-composer-placeholder-image text-center\" data-eb-composer-image-placeholder=\"\" data-key=\"_cG9zdA--\" data-type=\"image\" data-plupload-multi-selection=\"0\">\n\n    <div data-plupload-drop-element=\"\" style=\"position: relative;\">\n        <i class=\"eb-composer-placeholder-icon fa fa-camera\"></i>\n\n                <b class=\"eb-composer-placeholder-title\">Drop an image block here</b>\n        <p class=\"eb-composer-placeholder-brief\">Supports jpeg, png, gif.</p>\n        \n        <button type=\"button\" class=\"btn btn-sm btn-primary\" data-eb-mm-browse-button=\"\" data-eb-mm-start-uri=\"_cG9zdA--\" data-eb-mm-filter=\"image\">\n            <i class=\"fa fa-photo\"></i> Browse Media        </button>\n\n                <button type=\"button\" class=\"btn btn-sm btn-primary\" data-plupload-browse-button=\"\" style=\"position: relative; z-index: 1;\">\n            <i class=\"fa fa-upload\"></i> Upload        </button>\n        \n\n        <div class=\"eb-composer-upload-progress\" data-eb-mm-upload-progress=\"\">\n    <div class=\"col-cell\">\n        <div class=\"progress\">\n            <b class=\"progress-bar progress-bar-success progress-bar-striped\" role=\"progressbar\" aria-valuenow=\"0\" aria-valuemin=\"0\" aria-valuemax=\"100\" style=\"width: 0%;\" data-eb-mm-upload-progress-bar=\"\"></b>\n        </div>\n    </div>\n    <div class=\"col-cell\">\n        <div class=\"progress-value\" data-eb-mm-upload-progress-value=\"\">0%</div>\n        <span data-eb-mm-upload-name=\"\" class=\"hide\"></span>\n    </div>\n</div>\n        <div class=\"eb-composer-placeholder-fail\">\n    <div class=\"row-table\">\n        <div class=\"col-cell\">\n            <p data-eb-mm-upload-error-text=\"\"></p>\n            <a href=\"javascript:void(0);\" class=\"btn btn-primary\" data-eb-mm-upload-error-retry=\"\">Try Again</a>\n        </div>\n    </div>\n</div>    <div id=\"html5_19jir9n5l1tv61kr4s9a17511e5tp_container\" class=\"moxie-shim moxie-shim-html5\" style=\"position: absolute; top: 671px; left: 554px; width: 70px; height: 28px; overflow: hidden; z-index: 0;\"><input id=\"html5_19jir9n5l1tv61kr4s9a17511e5tp\" style=\"font-size: 999px; opacity: 0; position: absolute; top: 0px; left: 0px; width: 100%; height: 100%;\" accept=\"image/jpeg,image/png,image/gif\" type=\"file\"></div><div style=\"position: absolute; top: 665px; left: 762px; width: 70px; height: 29px; overflow: hidden; z-index: 0;\" class=\"moxie-shim moxie-shim-html5\" id=\"html5_1a10g69ndh1bbtpatq16agirle_container\"><input id=\"html5_1a10g69ndh1bbtpatq16agirle\" style=\"font-size: 999px; opacity: 0; position: absolute; top: 0px; left: 0px; width: 100%; height: 100%;\" multiple=\"\" accept=\"image/jpeg,image/png,image/gif\" type=\"file\"></div><div style=\"position: absolute; top: 665px; left: 762px; width: 70px; height: 29px; overflow: hidden; z-index: 0;\" class=\"moxie-shim moxie-shim-html5\" id=\"html5_1a1dtgqco8d01sjd1rjc5vh1n72e_container\"><input id=\"html5_1a1dtgqco8d01sjd1rjc5vh1n72e\" style=\"font-size: 999px; opacity: 0; position: absolute; top: 0px; left: 0px; width: 100%; height: 100%;\" multiple=\"\" accept=\"image/jpeg,image/png,image/gif\" type=\"file\"></div></div>\n</div>        "},{"uid":"01288135687354952","type":"heading","html":"\n            <h4><br><a href=\"http://www.google.com\" title=\"\" class=\"\" target=\"_blank\">Related Post Title B</a><br></h4>        ","data":{},"blocks":[],"nested":true,"isolated":false,"text":"\n    \n        \n    \n    \n        \n            Related Post Title B        \n        \n            \n                \n            \n        \n    \n    \n        \n            \n                Drag to move block.\n            \n        \n    \n","editableHtml":"\n            <h4 contenteditable=\"true\"><br><a href=\"http://www.google.com\" title=\"\" class=\"\" target=\"_blank\">Related Post Title B</a><br></h4>        "},{"uid":"02684249742887914","type":"text","html":"\n            <p>Gummi bears caramels donut carrot cake carrot cake chupa chups bonbon tootsie roll.</p>        ","data":{},"blocks":[],"nested":true,"isolated":false,"text":"\n            Gummi bears caramels donut carrot cake carrot cake chupa chups bonbon tootsie roll.        ","editableHtml":"\n            <div class=\"ebd-nest\" data-type=\"content\" data-eb-text-block-wrapper=\"\"><div data-eb-text-content-wrapper=\"\" data-content-type=\"html\" contenteditable=\"true\">\n            <p>Gummi bears caramels donut carrot cake carrot cake chupa chups bonbon tootsie roll.</p>        </div></div>        "},{"uid":"08189400548581034","type":"image","html":"","data":{"isurl":false,"url":"","uri":"","variation":"","size_enabled":true,"mode":"simple","mode_lock":false,"fluid":false,"width":"","width_lock":false,"height":"","height_lock":false,"ratio":"","ratio_lock":true,"alignment":"center","strategy":"fit","element_width":"","element_height":"","element_top":"","element_left":"","element_ratio":"","element_ratio_lock":true,"natural_width":"","natural_height":"","natural_ratio":"","style_enabled":true,"style":"clear","caption_enabled":true,"caption_text":"","link_enabled":true,"link_url":"","link_title":"","link_target":"","popup_enabled":true,"popup_url":"","popup_uri":"","popup_variation":""},"blocks":[],"nested":true,"isolated":false,"style":"text-align: center;","text":"\nundefined","editableHtml":"\n            <div class=\"eb-composer-placeholder eb-composer-placeholder-image text-center\" data-eb-composer-image-placeholder=\"\" data-key=\"_cG9zdA--\" data-type=\"image\" data-plupload-multi-selection=\"0\">\n\n    <div data-plupload-drop-element=\"\" style=\"position: relative;\">\n        <i class=\"eb-composer-placeholder-icon fa fa-camera\"></i>\n\n                <b class=\"eb-composer-placeholder-title\">Drop an image block here</b>\n        <p class=\"eb-composer-placeholder-brief\">Supports jpeg, png, gif.</p>\n        \n        <button type=\"button\" class=\"btn btn-sm btn-primary\" data-eb-mm-browse-button=\"\" data-eb-mm-start-uri=\"_cG9zdA--\" data-eb-mm-filter=\"image\">\n            <i class=\"fa fa-photo\"></i> Browse Media        </button>\n\n                <button type=\"button\" class=\"btn btn-sm btn-primary\" data-plupload-browse-button=\"\" style=\"position: relative; z-index: 1;\">\n            <i class=\"fa fa-upload\"></i> Upload        </button>\n        \n\n        <div class=\"eb-composer-upload-progress\" data-eb-mm-upload-progress=\"\">\n    <div class=\"col-cell\">\n        <div class=\"progress\">\n            <b class=\"progress-bar progress-bar-success progress-bar-striped\" role=\"progressbar\" aria-valuenow=\"0\" aria-valuemin=\"0\" aria-valuemax=\"100\" style=\"width: 0%;\" data-eb-mm-upload-progress-bar=\"\"></b>\n        </div>\n    </div>\n    <div class=\"col-cell\">\n        <div class=\"progress-value\" data-eb-mm-upload-progress-value=\"\">0%</div>\n        <span data-eb-mm-upload-name=\"\" class=\"hide\"></span>\n    </div>\n</div>\n        <div class=\"eb-composer-placeholder-fail\">\n    <div class=\"row-table\">\n        <div class=\"col-cell\">\n            <p data-eb-mm-upload-error-text=\"\"></p>\n            <a href=\"javascript:void(0);\" class=\"btn btn-primary\" data-eb-mm-upload-error-retry=\"\">Try Again</a>\n        </div>\n    </div>\n</div>    <div id=\"html5_19jira09b1bal1tb5fol7491iho10_container\" class=\"moxie-shim moxie-shim-html5\" style=\"position: absolute; top: 671px; left: 914px; width: 70px; height: 28px; overflow: hidden; z-index: 0;\"><input id=\"html5_19jira09b1bal1tb5fol7491iho10\" style=\"font-size: 999px; opacity: 0; position: absolute; top: 0px; left: 0px; width: 100%; height: 100%;\" accept=\"image/jpeg,image/png,image/gif\" type=\"file\"></div><div style=\"position: absolute; top: 665px; left: 1207px; width: 70px; height: 29px; overflow: hidden; z-index: 0;\" class=\"moxie-shim moxie-shim-html5\" id=\"html5_1a10g69np4th1becama166f60ah_container\"><input id=\"html5_1a10g69np4th1becama166f60ah\" style=\"font-size: 999px; opacity: 0; position: absolute; top: 0px; left: 0px; width: 100%; height: 100%;\" multiple=\"\" accept=\"image/jpeg,image/png,image/gif\" type=\"file\"></div><div style=\"position: absolute; top: 665px; left: 1207px; width: 70px; height: 29px; overflow: hidden; z-index: 0;\" class=\"moxie-shim moxie-shim-html5\" id=\"html5_1a1dtgqd318dqqb42fd1js21gknh_container\"><input id=\"html5_1a1dtgqd318dqqb42fd1js21gknh\" style=\"font-size: 999px; opacity: 0; position: absolute; top: 0px; left: 0px; width: 100%; height: 100%;\" multiple=\"\" accept=\"image/jpeg,image/png,image/gif\" type=\"file\"></div></div>\n</div>        "},{"uid":"05865874881856143","type":"heading","html":"\n            <h4><br><a href=\"http://www.google.com\" title=\"\" class=\"\" target=\"_blank\">Related Post Title C</a><br></h4>        ","data":{},"blocks":[],"nested":true,"isolated":false,"text":"\n    \n        \n    \n    \n        \n            Related Post Title C        \n        \n            \n                \n            \n        \n    \n    \n        \n            \n                Drag to move block.\n            \n        \n    \n","editableHtml":"\n            <h4 contenteditable=\"true\"><br><a href=\"http://www.google.com\" title=\"\" class=\"\" target=\"_blank\">Related Post Title C</a><br></h4>        "},{"uid":"07594925842713565","type":"text","html":"\n            <p>Gummi bears caramels donut carrot cake carrot cake chupa chups bonbon tootsie roll.</p>        ","data":{},"blocks":[],"nested":true,"isolated":false,"text":"\n            Gummi bears caramels donut carrot cake carrot cake chupa chups bonbon tootsie roll.        ","editableHtml":"\n            <div class=\"ebd-nest\" data-type=\"content\" data-eb-text-block-wrapper=\"\"><div data-eb-text-content-wrapper=\"\" data-content-type=\"html\" contenteditable=\"true\">\n            <p>Gummi bears caramels donut carrot cake carrot cake chupa chups bonbon tootsie roll.</p>        </div></div>        "}],"nested":false,"isolated":false,"text":"\n            \n    \n        \n    \n        \n    \n    \n        \n            \n\n    \n        \n\n                Drop an image block here\n        Supports jpeg, png, gif.\n        \n        \n             Browse Media        \n\n                \n             Upload        \n        \n\n        \n    \n        \n            \n        \n    \n    \n        0%\n        \n    \n\n        \n    \n        \n            \n            Try Again\n        \n    \n    \n        \n        \n            \n                \n            \n        \n    \n    \n        \n            \n                Drag to move block.\n            \n        \n    \n\n\n\n\n    \n        \n    \n    \n        \n            Related Post Title A        \n        \n            \n                \n            \n        \n    \n    \n        \n            \n                Drag to move block.\n            \n        \n    \n\n\n\n\n            \n    \n        \n    \n    \n        \n            \n            Gummi bears caramels donut carrot cake carrot cake chupa chups bonbon tootsie roll.                \n        \n            \n                \n            \n        \n    \n    \n        \n            \n                Drag to move block.\n            \n        \n    \n\n\n\n\n        \n    \n    \n        \n    \n        \n    \n    \n        \n            \n\n    \n        \n\n                Drop an image block here\n        Supports jpeg, png, gif.\n        \n        \n             Browse Media        \n\n                \n             Upload        \n        \n\n        \n    \n        \n            \n        \n    \n    \n        0%\n        \n    \n\n        \n    \n        \n            \n            Try Again\n        \n    \n    \n        \n        \n            \n                \n            \n        \n    \n    \n        \n            \n                Drag to move block.\n            \n        \n    \n\n\n\n\n    \n        \n    \n    \n        \n            Related Post Title B        \n        \n            \n                \n            \n        \n    \n    \n        \n            \n                Drag to move block.\n            \n        \n    \n\n\n\n\n            \n    \n        \n    \n    \n        \n            \n            Gummi bears caramels donut carrot cake carrot cake chupa chups bonbon tootsie roll.                \n        \n            \n                \n            \n        \n    \n    \n        \n            \n                Drag to move block.\n            \n        \n    \n\n\n\n\n        \n    \n\n    \n        \n    \n    \n        \n            \n\n    \n        \n\n                Drop an image block here\n        Supports jpeg, png, gif.\n        \n        \n             Browse Media        \n\n                \n             Upload        \n        \n\n        \n    \n        \n            \n        \n    \n    \n        0%\n        \n    \n\n        \n    \n        \n            \n            Try Again\n        \n    \n    \n        \n        \n            \n                \n            \n        \n    \n    \n        \n            \n                Drag to move block.\n            \n        \n    \n\n\n\n\n    \n        \n    \n    \n        \n            Related Post Title C        \n        \n            \n                \n            \n        \n    \n    \n        \n            \n                Drag to move block.\n            \n        \n    \n\n\n\n\n    \n        \n    \n    \n        \n            \n            Gummi bears caramels donut carrot cake carrot cake chupa chups bonbon tootsie roll.                \n        \n            \n                \n            \n        \n    \n    \n        \n            \n                Drag to move block.\n            \n        \n    \n\n\n\n        ","editableHtml":"\n            <div class=\"row\" data-responsive=\"400,300,200,100\">\n    <div class=\"col col-md-4\" data-size=\"6\">\n        <div class=\"ebd-nest\" data-type=\"block\" data-col-wrapper=\"\"><!--block04553489580284804-->\n\n\n<!--block0993169609690085-->\n\n\n\n            <!--block019192429818212986-->\n\n\n\n        </div>\n    </div>\n    <div class=\"col col-md-4\" data-size=\"6\">\n        <div class=\"ebd-nest\" data-type=\"block\" data-col-wrapper=\"\"><!--block020360507280565798-->\n\n\n<!--block01288135687354952-->\n\n\n\n            <!--block02684249742887914-->\n\n\n\n        </div>\n    </div>\n<div class=\"col col-md-4\" data-size=\"1\"><div class=\"ebd-nest ui-sortable\" data-type=\"block\" data-col-wrapper=\"\"><!--block08189400548581034-->\n\n\n<!--block05865874881856143-->\n\n\n<!--block07594925842713565-->\n\n\n</div></div></div>        "}]},
	"system": "1",
	"screenshot": "/components/com_easyblog/assets/images/template-news.png"
}
