{
	"id": "4",
	"title": "Template for Videos",
	"data": {"title":"Template for Videos","permalink":"template-for-videos","type":"ebd","version":"1.0","blocks":[{"uid":"03040071225259453","type":"text","html":"\n            <p>Duis ac quam leo. Phasellus malesuada, leo at lobortis egestas, felis lorem condimentum lacus, id iaculis quam urna ac urna. Vivamus aliquam laoreet semper. Ut lacinia sem nisi. Sed vulputate convallis odio posuere porttitor. Aliquam turpis felis, faucibus non orci vel, laoreet dapibus diam. Nam rhoncus tortor velit, sollicitudin semper nisl pulvinar sed.</p>        ","data":{},"blocks":[],"nested":false,"isolated":false,"text":"\n            Duis ac quam leo. Phasellus malesuada, leo at lobortis egestas, felis lorem condimentum lacus, id iaculis quam urna ac urna. Vivamus aliquam laoreet semper. Ut lacinia sem nisi. Sed vulputate convallis odio posuere porttitor. Aliquam turpis felis, faucibus non orci vel, laoreet dapibus diam. Nam rhoncus tortor velit, sollicitudin semper nisl pulvinar sed.        ","editableHtml":"<div class=\"ebd-nest\" data-type=\"content\" data-eb-text-block-wrapper=\"\"><div data-eb-text-content-wrapper=\"\" data-content-type=\"html\" contenteditable=\"true\">\n            <p>Duis ac quam leo. Phasellus malesuada, leo at lobortis egestas, felis lorem condimentum lacus, id iaculis quam urna ac urna. Vivamus aliquam laoreet semper. Ut lacinia sem nisi. Sed vulputate convallis odio posuere porttitor. Aliquam turpis felis, faucibus non orci vel, laoreet dapibus diam. Nam rhoncus tortor velit, sollicitudin semper nisl pulvinar sed.</p>        </div></div>"},{"uid":"0346444247988984","type":"rule","html":"\n            <hr>        ","data":{},"blocks":[],"nested":false,"isolated":false,"text":"","editableHtml":"\n            <hr>        "},{"uid":"05725746976677328","type":"columns","html":"\n            <div class=\"row\" data-responsive=\"400,300,200,100\">\n    <div class=\"col col-md-4\" data-size=\"6\">\n        \n    <!--block06036547953262925--></div>\n    <div class=\"col col-md-8\" data-size=\"6\">\n        \n    <!--block029067436303012073--><!--block038569004484452307--><!--block08367778363171965--></div>\n</div>        ","data":{"columns":[{"size":6,"content":"COM_EASYBLOG_BLOCK_COLUMN_DEFAULT_TITLE"},{"size":6,"content":"COM_EASYBLOG_BLOCK_COLUMN_DEFAULT_TITLE"}]},"blocks":[{"uid":"06036547953262925","type":"video","html":"","data":{"url":"","width":"100%","height":"","ratio":"16:9","autoplay":false,"loop":false,"muted":false},"blocks":[],"nested":true,"isolated":false,"text":"","editableHtml":""},{"uid":"029067436303012073","type":"heading","html":"\n            <h4>Linkin Park - Somewhere I Belong<br></h4>        ","data":{},"blocks":[],"nested":true,"isolated":false,"text":"\n    \n        \n    \n    \n        \n            Linkin Park - Somewhere I Belong        \n        \n            \n                \n            \n        \n    \n    \n        \n            \n                Drag to move block.\n            \n        \n    \n","editableHtml":"\n            <h4 contenteditable=\"true\">Linkin Park - Somewhere I Belong<br></h4>        "},{"uid":"038569004484452307","type":"text","html":"\n            <p>Aliquam turpis felis, faucibus non orci vel, laoreet dapibus diam. Nam rhoncus tortor velit.</p>        ","data":{},"blocks":[],"nested":true,"isolated":false,"text":"\n            Aliquam turpis felis, faucibus non orci vel, laoreet dapibus diam. Nam rhoncus tortor velit.        ","editableHtml":"<div class=\"ebd-nest\" data-type=\"content\" data-eb-text-block-wrapper=\"\"><div data-eb-text-content-wrapper=\"\" data-content-type=\"html\" contenteditable=\"true\">\n            <p>Aliquam turpis felis, faucibus non orci vel, laoreet dapibus diam. Nam rhoncus tortor velit.</p>        </div></div>"},{"uid":"08367778363171965","type":"buttons","html":"\n            <a href=\"javascript:void(0);\" class=\"btn btn-default btn-danger\" rel=\"\">\n    <span><strong data-redactor-tag=\"strong\" data-verified=\"redactor\">Watch Now</strong></span>\n</a>        ","data":{"caption":"Button Text","style":"btn-danger","size":"","link":"","nofollow":0,"target":""},"blocks":[],"nested":true,"isolated":false,"text":"","editableHtml":"\n            <a href=\"javascript:void(0);\" class=\"btn btn-default btn-danger\" rel=\"\">\n    <span contenteditable=\"true\"><strong data-redactor-tag=\"strong\" data-verified=\"redactor\">Watch Now</strong></span>\n</a>        "},{"uid":"06036547953262925","type":"video","html":"","data":{"url":"","width":"100%","height":"","ratio":"16:9","autoplay":false,"loop":false,"muted":false},"blocks":[],"nested":true,"isolated":false,"text":"","editableHtml":""},{"uid":"029067436303012073","type":"heading","html":"\n            <h4>Linkin Park - Somewhere I Belong<br></h4>        ","data":{},"blocks":[],"nested":true,"isolated":false,"text":"\n    \n        \n    \n    \n        \n            Linkin Park - Somewhere I Belong        \n        \n            \n                \n            \n        \n    \n    \n        \n            \n                Drag to move block.\n            \n        \n    \n","editableHtml":"\n            <h4 contenteditable=\"true\">Linkin Park - Somewhere I Belong<br></h4>        "},{"uid":"038569004484452307","type":"text","html":"\n            <p>Aliquam turpis felis, faucibus non orci vel, laoreet dapibus diam. Nam rhoncus tortor velit.</p>        ","data":{},"blocks":[],"nested":true,"isolated":false,"text":"\n            Aliquam turpis felis, faucibus non orci vel, laoreet dapibus diam. Nam rhoncus tortor velit.        ","editableHtml":"<div class=\"ebd-nest\" data-type=\"content\" data-eb-text-block-wrapper=\"\"><div data-eb-text-content-wrapper=\"\" data-content-type=\"html\" contenteditable=\"true\">\n            <p>Aliquam turpis felis, faucibus non orci vel, laoreet dapibus diam. Nam rhoncus tortor velit.</p>        </div></div>"},{"uid":"08367778363171965","type":"buttons","html":"\n            <a href=\"javascript:void(0);\" class=\"btn btn-default btn-danger\" rel=\"\">\n    <span><strong data-redactor-tag=\"strong\" data-verified=\"redactor\">Watch Now</strong></span>\n</a>        ","data":{"caption":"Button Text","style":"btn-danger","size":"","link":"","nofollow":0,"target":""},"blocks":[],"nested":true,"isolated":false,"text":"","editableHtml":"\n            <a href=\"javascript:void(0);\" class=\"btn btn-default btn-danger\" rel=\"\">\n    <span contenteditable=\"true\"><strong data-redactor-tag=\"strong\" data-verified=\"redactor\">Watch Now</strong></span>\n</a>        "}],"nested":false,"isolated":false,"text":"\n            \n    \n        \n    \n        \n    \n    \n        \n            \n\n    \n        \n        Drop a video file here\n        Supports 3gp, m4v, mp4, flv, wmv mp3, and webm.\n\n        Please upload a supported video file\n\n        \n             Browse Videos        \n\n        \n            \n                 Upload File            \n        \n\n        \n    \n        \n            \n        \n    \n    \n        0%\n        \n    \n\n        \n    \n        \n            \n            Try Again\n        \n    \n    \n        \n        \n            \n                \n            \n        \n    \n    \n        \n            \n                Drag to move block.\n            \n        \n    \n\n\n\n            \n        \n    \n    \n        \n    \n        \n    \n    \n        \n            Linkin Park - Somewhere I Belong        \n        \n            \n                \n            \n        \n    \n    \n        \n            \n                Drag to move block.\n            \n        \n    \n\n\n\n            \n    \n        \n    \n    \n        \n            Aliquam turpis felis, faucibus non orci vel, laoreet dapibus diam. Nam rhoncus tortor velit.        \n        \n            \n                \n            \n        \n    \n    \n        \n            \n                Drag to move block.\n            \n        \n    \n\n\n\n    \n        \n    \n    \n        \n            \n    Watch Now\n        \n        \n            \n                \n            \n        \n    \n    \n        \n            \n                Drag to move block.\n            \n        \n    \n\n\n\n        \n    \n        ","editableHtml":"\n            <div class=\"row\" data-responsive=\"400,300,200,100\">\n    <div class=\"col col-md-4\" data-size=\"6\">\n        <div class=\"ebd-nest\" data-type=\"block\" data-col-wrapper=\"\"><!--block06036547953262925-->\n\n\n            \n        </div>\n    </div>\n    <div class=\"col col-md-8\" data-size=\"6\">\n        <div class=\"ebd-nest\" data-type=\"block\" data-col-wrapper=\"\"><!--block029067436303012073-->\n\n\n            <!--block038569004484452307-->\n\n<!--block08367778363171965-->\n\n\n        </div>\n    </div>\n</div>        "},{"uid":"026837448799051344","type":"rule","html":"\n            <hr>        ","data":{},"blocks":[],"nested":false,"isolated":false,"text":"","editableHtml":"\n            <hr>        "},{"uid":"0046830407343804836","type":"columns","html":"\n            <div class=\"row\" data-responsive=\"400,300,200,100\">\n    <div class=\"col col-md-4\" data-size=\"6\">\n        \n    <!--block06734710435848683--></div>\n    <div class=\"col col-md-8\" data-size=\"6\">\n        \n    <!--block08473397800698876--><!--block07279896603431553--><!--block05163364168256521--></div>\n</div>        ","data":{"columns":[{"size":6,"content":"COM_EASYBLOG_BLOCK_COLUMN_DEFAULT_TITLE"},{"size":6,"content":"COM_EASYBLOG_BLOCK_COLUMN_DEFAULT_TITLE"}]},"blocks":[{"uid":"06734710435848683","type":"video","html":"","data":{"url":"","width":"100%","height":"","ratio":"16:9","autoplay":false,"loop":false,"muted":false},"blocks":[],"nested":true,"isolated":false,"text":"","editableHtml":""},{"uid":"08473397800698876","type":"heading","html":"\n            <h4>Linkin Park - Masquarade<br></h4>        ","data":{},"blocks":[],"nested":true,"isolated":false,"text":"\n    \n        \n    \n    \n        \n            Linkin Park - Masquarade        \n        \n            \n                \n            \n        \n    \n    \n        \n            \n                Drag to move block.\n            \n        \n    \n","editableHtml":"\n            <h4 contenteditable=\"true\">Linkin Park - Masquarade<br></h4>        "},{"uid":"07279896603431553","type":"text","html":"\n            <p>Aliquam turpis felis, faucibus non orci vel, laoreet dapibus diam. Nam rhoncus tortor velit.</p>        ","data":{},"blocks":[],"nested":true,"isolated":false,"text":"\n            Aliquam turpis felis, faucibus non orci vel, laoreet dapibus diam. Nam rhoncus tortor velit.        ","editableHtml":"<div class=\"ebd-nest\" data-type=\"content\" data-eb-text-block-wrapper=\"\"><div data-eb-text-content-wrapper=\"\" data-content-type=\"html\" contenteditable=\"true\">\n            <p>Aliquam turpis felis, faucibus non orci vel, laoreet dapibus diam. Nam rhoncus tortor velit.</p>        </div></div>"},{"uid":"05163364168256521","type":"buttons","html":"\n            <a href=\"javascript:void(0);\" class=\"btn btn-default btn-danger\" rel=\"\">\n    <span><strong data-redactor-tag=\"strong\" data-verified=\"redactor\">Watch Now</strong></span>\n</a>        ","data":{"caption":"Button Text","style":"btn-danger","size":"","link":"","nofollow":0,"target":""},"blocks":[],"nested":true,"isolated":false,"text":"","editableHtml":"\n            <a href=\"javascript:void(0);\" class=\"btn btn-default btn-danger\" rel=\"\">\n    <span contenteditable=\"true\"><strong data-redactor-tag=\"strong\" data-verified=\"redactor\">Watch Now</strong></span>\n</a>        "},{"uid":"06734710435848683","type":"video","html":"","data":{"url":"","width":"100%","height":"","ratio":"16:9","autoplay":false,"loop":false,"muted":false},"blocks":[],"nested":true,"isolated":false,"text":"","editableHtml":""},{"uid":"08473397800698876","type":"heading","html":"\n            <h4>Linkin Park - Masquarade<br></h4>        ","data":{},"blocks":[],"nested":true,"isolated":false,"text":"\n    \n        \n    \n    \n        \n            Linkin Park - Masquarade        \n        \n            \n                \n            \n        \n    \n    \n        \n            \n                Drag to move block.\n            \n        \n    \n","editableHtml":"\n            <h4 contenteditable=\"true\">Linkin Park - Masquarade<br></h4>        "},{"uid":"07279896603431553","type":"text","html":"\n            <p>Aliquam turpis felis, faucibus non orci vel, laoreet dapibus diam. Nam rhoncus tortor velit.</p>        ","data":{},"blocks":[],"nested":true,"isolated":false,"text":"\n            Aliquam turpis felis, faucibus non orci vel, laoreet dapibus diam. Nam rhoncus tortor velit.        ","editableHtml":"<div class=\"ebd-nest\" data-type=\"content\" data-eb-text-block-wrapper=\"\"><div data-eb-text-content-wrapper=\"\" data-content-type=\"html\" contenteditable=\"true\">\n            <p>Aliquam turpis felis, faucibus non orci vel, laoreet dapibus diam. Nam rhoncus tortor velit.</p>        </div></div>"},{"uid":"05163364168256521","type":"buttons","html":"\n            <a href=\"javascript:void(0);\" class=\"btn btn-default btn-danger\" rel=\"\">\n    <span><strong data-redactor-tag=\"strong\" data-verified=\"redactor\">Watch Now</strong></span>\n</a>        ","data":{"caption":"Button Text","style":"btn-danger","size":"","link":"","nofollow":0,"target":""},"blocks":[],"nested":true,"isolated":false,"text":"","editableHtml":"\n            <a href=\"javascript:void(0);\" class=\"btn btn-default btn-danger\" rel=\"\">\n    <span contenteditable=\"true\"><strong data-redactor-tag=\"strong\" data-verified=\"redactor\">Watch Now</strong></span>\n</a>        "}],"nested":false,"isolated":false,"text":"\n            \n    \n        \n    \n        \n    \n    \n        \n            \n\n    \n        \n        Drop a video file here\n        Supports 3gp, m4v, mp4, flv, wmv mp3, and webm.\n\n        Please upload a supported video file\n\n        \n             Browse Videos        \n\n        \n            \n                 Upload File            \n        \n\n        \n    \n        \n            \n        \n    \n    \n        0%\n        \n    \n\n        \n    \n        \n            \n            Try Again\n        \n    \n    \n        \n        \n            \n                \n            \n        \n    \n    \n        \n            \n                Drag to move block.\n            \n        \n    \n\n\n\n            \n        \n    \n    \n        \n    \n        \n    \n    \n        \n            Linkin Park - Masquarade        \n        \n            \n                \n            \n        \n    \n    \n        \n            \n                Drag to move block.\n            \n        \n    \n\n\n\n            \n    \n        \n    \n    \n        \n            Aliquam turpis felis, faucibus non orci vel, laoreet dapibus diam. Nam rhoncus tortor velit.        \n        \n            \n                \n            \n        \n    \n    \n        \n            \n                Drag to move block.\n            \n        \n    \n\n\n\n    \n        \n    \n    \n        \n            \n    Watch Now\n        \n        \n            \n                \n            \n        \n    \n    \n        \n            \n                Drag to move block.\n            \n        \n    \n\n\n\n        \n    \n        ","editableHtml":"\n            <div class=\"row\" data-responsive=\"400,300,200,100\">\n    <div class=\"col col-md-4\" data-size=\"6\">\n        <div class=\"ebd-nest\" data-type=\"block\" data-col-wrapper=\"\"><!--block06734710435848683-->\n\n\n            \n        </div>\n    </div>\n    <div class=\"col col-md-8\" data-size=\"6\">\n        <div class=\"ebd-nest\" data-type=\"block\" data-col-wrapper=\"\"><!--block08473397800698876-->\n\n\n            <!--block07279896603431553-->\n\n<!--block05163364168256521-->\n\n\n        </div>\n    </div>\n</div>        "},{"uid":"021494898851960897","type":"rule","html":"\n            <hr>        ","data":{},"blocks":[],"nested":false,"isolated":false,"text":"","editableHtml":"\n            <hr>        "},{"uid":"024545535701327026","type":"columns","html":"\n            <div class=\"row\" data-responsive=\"400,300,200,100\">\n    <div class=\"col col-md-4\" data-size=\"6\">\n        \n    <!--block0334950162563473--></div>\n    <div class=\"col col-md-8\" data-size=\"6\">\n        \n    <!--block04196579670533538--><!--block09463341725058854--><!--block02782213247846812--></div>\n</div>        ","data":{"columns":[{"size":6,"content":"COM_EASYBLOG_BLOCK_COLUMN_DEFAULT_TITLE"},{"size":6,"content":"COM_EASYBLOG_BLOCK_COLUMN_DEFAULT_TITLE"}]},"blocks":[{"uid":"0334950162563473","type":"video","html":"","data":{"url":"","width":"100%","height":"","ratio":"16:9","autoplay":false,"loop":false,"muted":false},"blocks":[],"nested":true,"isolated":false,"text":"","editableHtml":""},{"uid":"04196579670533538","type":"heading","html":"\n            <h4>Linkin Park - Mateora<br></h4>        ","data":{},"blocks":[],"nested":true,"isolated":false,"text":"\n    \n        \n    \n    \n        \n            Linkin Park - Mateora        \n        \n            \n                \n            \n        \n    \n    \n        \n            \n                Drag to move block.\n            \n        \n    \n","editableHtml":"\n            <h4 contenteditable=\"true\">Linkin Park - Mateora<br></h4>        "},{"uid":"09463341725058854","type":"text","html":"\n            <p>Aliquam turpis felis, faucibus non orci vel, laoreet dapibus diam. Nam rhoncus tortor velit.</p>        ","data":{},"blocks":[],"nested":true,"isolated":false,"text":"\n            Aliquam turpis felis, faucibus non orci vel, laoreet dapibus diam. Nam rhoncus tortor velit.        ","editableHtml":"<div class=\"ebd-nest\" data-type=\"content\" data-eb-text-block-wrapper=\"\"><div data-eb-text-content-wrapper=\"\" data-content-type=\"html\" contenteditable=\"true\">\n            <p>Aliquam turpis felis, faucibus non orci vel, laoreet dapibus diam. Nam rhoncus tortor velit.</p>        </div></div>"},{"uid":"02782213247846812","type":"buttons","html":"\n            <a href=\"javascript:void(0);\" class=\"btn btn-default btn-danger\" rel=\"\">\n    <span><strong data-redactor-tag=\"strong\" data-verified=\"redactor\">Watch Now</strong></span>\n</a>        ","data":{"caption":"Button Text","style":"btn-danger","size":"","link":"","nofollow":0,"target":""},"blocks":[],"nested":true,"isolated":false,"text":"","editableHtml":"\n            <a href=\"javascript:void(0);\" class=\"btn btn-default btn-danger\" rel=\"\">\n    <span contenteditable=\"true\"><strong data-redactor-tag=\"strong\" data-verified=\"redactor\">Watch Now</strong></span>\n</a>        "},{"uid":"0334950162563473","type":"video","html":"","data":{"url":"","width":"100%","height":"","ratio":"16:9","autoplay":false,"loop":false,"muted":false},"blocks":[],"nested":true,"isolated":false,"text":"","editableHtml":""},{"uid":"04196579670533538","type":"heading","html":"\n            <h4>Linkin Park - Mateora<br></h4>        ","data":{},"blocks":[],"nested":true,"isolated":false,"text":"\n    \n        \n    \n    \n        \n            Linkin Park - Mateora        \n        \n            \n                \n            \n        \n    \n    \n        \n            \n                Drag to move block.\n            \n        \n    \n","editableHtml":"\n            <h4 contenteditable=\"true\">Linkin Park - Mateora<br></h4>        "},{"uid":"09463341725058854","type":"text","html":"\n            <p>Aliquam turpis felis, faucibus non orci vel, laoreet dapibus diam. Nam rhoncus tortor velit.</p>        ","data":{},"blocks":[],"nested":true,"isolated":false,"text":"\n            Aliquam turpis felis, faucibus non orci vel, laoreet dapibus diam. Nam rhoncus tortor velit.        ","editableHtml":"<div class=\"ebd-nest\" data-type=\"content\" data-eb-text-block-wrapper=\"\"><div data-eb-text-content-wrapper=\"\" data-content-type=\"html\" contenteditable=\"true\">\n            <p>Aliquam turpis felis, faucibus non orci vel, laoreet dapibus diam. Nam rhoncus tortor velit.</p>        </div></div>"},{"uid":"02782213247846812","type":"buttons","html":"\n            <a href=\"javascript:void(0);\" class=\"btn btn-default btn-danger\" rel=\"\">\n    <span><strong data-redactor-tag=\"strong\" data-verified=\"redactor\">Watch Now</strong></span>\n</a>        ","data":{"caption":"Button Text","style":"btn-danger","size":"","link":"","nofollow":0,"target":""},"blocks":[],"nested":true,"isolated":false,"text":"","editableHtml":"\n            <a href=\"javascript:void(0);\" class=\"btn btn-default btn-danger\" rel=\"\">\n    <span contenteditable=\"true\"><strong data-redactor-tag=\"strong\" data-verified=\"redactor\">Watch Now</strong></span>\n</a>        "}],"nested":false,"isolated":false,"text":"\n            \n    \n        \n    \n        \n    \n    \n        \n            \n\n    \n        \n        Drop a video file here\n        Supports 3gp, m4v, mp4, flv, wmv mp3, and webm.\n\n        Please upload a supported video file\n\n        \n             Browse Videos        \n\n        \n            \n                 Upload File            \n        \n\n        \n    \n        \n            \n        \n    \n    \n        0%\n        \n    \n\n        \n    \n        \n            \n            Try Again\n        \n    \n    \n        \n        \n            \n                \n            \n        \n    \n    \n        \n            \n                Drag to move block.\n            \n        \n    \n\n\n\n            \n        \n    \n    \n        \n    \n        \n    \n    \n        \n            Linkin Park - Mateora        \n        \n            \n                \n            \n        \n    \n    \n        \n            \n                Drag to move block.\n            \n        \n    \n\n\n\n            \n    \n        \n    \n    \n        \n            Aliquam turpis felis, faucibus non orci vel, laoreet dapibus diam. Nam rhoncus tortor velit.        \n        \n            \n                \n            \n        \n    \n    \n        \n            \n                Drag to move block.\n            \n        \n    \n\n\n\n    \n        \n    \n    \n        \n            \n    Watch Now\n        \n        \n            \n                \n            \n        \n    \n    \n        \n            \n                Drag to move block.\n            \n        \n    \n\n\n\n        \n    \n        ","editableHtml":"\n            <div class=\"row\" data-responsive=\"400,300,200,100\">\n    <div class=\"col col-md-4\" data-size=\"6\">\n        <div class=\"ebd-nest\" data-type=\"block\" data-col-wrapper=\"\"><!--block0334950162563473-->\n\n\n            \n        </div>\n    </div>\n    <div class=\"col col-md-8\" data-size=\"6\">\n        <div class=\"ebd-nest\" data-type=\"block\" data-col-wrapper=\"\"><!--block04196579670533538-->\n\n\n            <!--block09463341725058854-->\n\n<!--block02782213247846812-->\n\n\n        </div>\n    </div>\n</div>        "}]},
	"system": "1",
	"screenshot": "/components/com_easyblog/assets/images/template-videos.png"
}
