<?xml version="1.0" encoding="utf-8"?>
<extension type="module" version="3.1" client="site" method="upgrade">
	<name>Contact Widget</name>
	<author>Joomla! Project</author>
	<creationDate>July 2004</creationDate>
	<copyright>Copyright (C) 2005 - 2015 Open Source Matters. All rights reserved.</copyright>
	<license>GNU General Public License version 2 or later; see LICENSE.txt</license>
	<authorEmail>admin@joomla.org</authorEmail>
	<authorUrl>www.joomla.org</authorUrl>
	<version>3.0.0</version>
	<description></description>
	

	<files>
		<filename module="mod_contact_widget">mod_contact_widget.php</filename>
		<folder>tmpl</folder>
	</files>
<config>
		<fields name="params">
			<fieldset name="basic">
				<field
					name="email"
					type="text"
					default="inquiry@pacificross.com"
					label="email"
					description="" />
                                
                                <field
					name="type_121"
					type="text"
					label="Type"
                                        default="Customer Support|Inquiries|Job and Partnership|Press"
					description="" />
				
                              	
				
			</fieldset>

                   
			
			<fieldset
				name="advanced">
				<field
					name="layout"
					type="modulelayout"
					label="JFIELD_ALT_LAYOUT_LABEL"
					description="JFIELD_ALT_MODULE_LAYOUT_DESC" />

				<field
					name="moduleclass_sfx"
					type="textarea" rows="3"
					label="COM_MODULES_FIELD_MODULECLASS_SFX_LABEL"
					description="COM_MODULES_FIELD_MODULECLASS_SFX_DESC" />

				<field
					name="cache"
					type="list"
					default="1"
					label="COM_MODULES_FIELD_CACHING_LABEL"
					description="COM_MODULES_FIELD_CACHING_DESC">
					<option
						value="1">JGLOBAL_USE_GLOBAL</option>
					<option
						value="0">COM_MODULES_FIELD_VALUE_NOCACHING</option>
				</field>

				<field
					name="cache_time"
					type="text"
					default="900"
					label="COM_MODULES_FIELD_CACHE_TIME_LABEL"
					description="COM_MODULES_FIELD_CACHE_TIME_DESC" />
				<field
					name="cachemode"
					type="hidden"
					default="static">
					<option
						value="static"></option>
				</field>
			</fieldset>
		</fields>
	</config>
	
	
</extension>
