[
	{
		"name"		: 	"listing_show_blogimage",
		"default"	: 	"1"
	},
	{
		"name"		: 	"listing_show_imageplaceholder",
		"default"	: 	"1"
	},
	{
		"name"		: 	"listing_show_title",
		"default"	: 	"1"
	},
	{
		"name"		: 	"listing_show_type",
		"default"	: 	"1"
	},
	{
		"name"		: 	"listing_show_hits",
		"default"	: 	"1"
	},
	{
		"name"		: 	"listing_show_date",
		"default"	: 	"1"
	},
	{
		"name"		: 	"listing_date_source",
		"default"	: 	"created"
	},
	{
		"name"		: 	"listing_show_category",
		"default"	: 	"1"
	},
	{
		"name"		: 	"listing_show_copyright",
		"default"	: 	"1"
	},
	{
		"name"		: 	"listing_show_readmore",
		"default"	: 	"1"
	},
	{
		"name"		: 	"listing_show_author_name",
		"default"	: 	"1"
	},
	{
		"name"		: 	"listing_show_author_avatar",
		"default"	: 	"1"
	},
	{
		"name"		: 	"listing_show_tags",
		"default"	: 	"1"
	},
	{
		"name"		: 	"listing_show_social",
		"default"	: 	"1"
	},
	{
		"name"		: 	"listing_show_comments",
		"default"	: 	"1"
	},
	{
		"name"		: 	"listing_comments_preview",
		"default"	: 	"1"
	},
	{
		"name"		: 	"listing_comments_preview_count",
		"default"	: 	"3"
	},
	{
		"name"		: 	"listing_show_ratings",
		"default"	: 	"1"
	},
	{
		"name"		: 	"main_hideintro_entryview",
		"default"	: 	"0"
	},
	{
		"name"		: 	"show_blogimage",
		"default"	: 	"1"
	},
	{
		"name"		: 	"show_imageplaceholder",
		"default"	: 	"1"
	},
	{
		"name"		: 	"show_title",
		"default"	: 	"1"
	},
	{
		"name"		: 	"show_category",
		"default"	: 	"1"
	},
	{
		"name"		: 	"entry_show_copyright",
		"default"	: 	"1"
	},
	{
		"name"		: 	"show_date",
		"default"	: 	"1"
	},
	{
		"name"		: 	"show_navigation",
		"default"	: 	"1"
	},
	{
		"name"		: 	"date_source",
		"default"	: 	"created"
	},
	{
		"name"		: 	"show_hits",
		"default"	: 	"1"
	},
	{
		"name"		: 	"show_fields",
		"default"	: 	"1"
	},
	{
		"name"		: 	"show_location",
		"default"	: 	"1"
	},
	{
		"name"		: 	"main_relatedpost",
		"default"	: 	"1"
	},
	{
		"name"		: 	"main_max_relatedpost",
		"default"	: 	"3"
	},
	{
		"name"		: 	"layout_navigation_restrict_author",
		"default"	: 	"0"
	},
	{
		"name"		: 	"main_showauthorposts",
		"default"	: 	"0"
	},
	{
		"name"		: 	"main_showauthorpostscount",
		"default"	: 	"3"
	},
	{
		"name"		: 	"layout_nameformat",
		"default"	: 	"name"
	},
	{
		"name"		: 	"show_author",
		"default"	: 	"0"
	},
	{
		"name"		: 	"show_author_box",
		"default"	: 	"0"
	},
	{
		"name"		: 	"show_author_avatar",
		"default"	: 	"1"
	},
	{
		"name"		: 	"show_tags",
		"default"	: 	"1"
	},
	{
		"name"		: 	"show_pdf",
		"default"	: 	"1"
	},
	{
		"name"		: 	"show_font_resize",
		"default"	: 	"1"
	},
	{
		"name"		: 	"show_print",
		"default"	: 	"1"
	},
	{
		"name"		: 	"allow_ratings",
		"default"	: 	"1"
	},
	{
		"name"		: 	"allow_comments",
		"default"	: 	"1"
	},
	{
		"name"		: 	"allow_reporting",
		"default"	: 	"1"
	},
	{
		"name"		: 	"tags",
		"default"	: 	""
	}
]
