<?xml version="1.0" encoding="utf-8"?>
<form>
	<author>Emmanuel Danan, George Papadakis</author>
	<website>www.flexicontent.org</website>
	<email>emmanuel@vistamedia.fr</email>
	<license>GPLv3</license>
	<version>1.2</version>
	<release>20 May 2014</release>
	
	<defaulttitle>FLEXI_TMPL_BLOG_CATEGORY_DEFAULT_TITLE</defaulttitle>
	<description>FLEXI_TMPL_BLOG_CATEGORY_SHORT_DESC</description>

	<fields name="attribs">
		<fieldset name="attribs" addfieldpath="/administrator/components/com_flexicontent/elements">
			
			<field name="custom_layout_title" type="text" size="3" default="" label="FLEXI_LAYOUT_CUSTOM_DISPLAY_TITLE" description="FLEXI_LAYOUT_CUSTOM_DISPLAY_TITLE_DESC" />
			
			<field name="leadingitems_sep" type="separator" hr="false" default="FLEXI_LEADING_ITEMS" description="FLEXI_LEADING_ITEMS_DESC" level="level1" menu="hide" />
			<field name="lead_num" type="text" size="3" default="" label="FLEXI_LEADING_NUM" description="FLEXI_LEADING_NUM_DESC" />
			<field name="lead_cols" type="radio" default="" label="FLEXI_MAX_ITEM_COLS_RESPONSIVE" description="FLEXI_MAX_ITEM_COLS_RESPONSIVE_DESC" class="btn-group btn-group-yesno">
				<option value="">FLEXI_USE_GLOBAL</option>
				<option value="1">FLEXI_1_COL</option>
				<option value="2">FLEXI_2_COLS</option>
				<option value="3">FLEXI_3_COLS</option>
				<option value="4">FLEXI_4_COLS</option>
			</field>
			<field name="lead_placement" type="radio" default="" label="FLEXI_ITEMS_PLACEMENT" description="FLEXI_ITEMS_PLACEMENT_DESC" class="btn-group btn-group-yesno">
				<option value="">FLEXI_USE_GLOBAL</option>
				<option value="0">FLEXI_CLEARED</option>
				<option value="1">FLEXI_AS_MASONRY_TILES</option>
			</field>
			
			<field name="lead_catblock_sep" type="separator" hr="false" default="(sub) Category block, at (sub-)category start" description="Enable to show (sub-)category information when next (sub-)category starts" level="level2" menu="hide" />
			<field name="lead_catblock_sep_msg" type="separator" hr="false" default="Warning: this makes sense, if you order your items by their category (1st level order), (2nd level order can be anything e.g. title)" description="" level="level3" menu="hide" />
			<field name="lead_catblock" type="radio" default="" label="FLEXI_ENABLE" description=" " class="btn-group btn-group-yesno">
				<option value="">FLEXI_USE_GLOBAL</option>
				<option value="0">FLEXI_NO</option>
				<option value="1">FLEXI_YES</option>
			</field>
			<field name="lead_catblock_title" type="radio" default="" label="FLEXI_SHOW_CAT_TITLE" description="FLEXI_SHOW_CAT_TITLE_DESC" class="btn-group btn-group-yesno">
				<option value="">FLEXI_USE_GLOBAL</option>
				<option value="1">FLEXI_YES</option>
			</field>
			
			<field name="leadingitems_text_sep" type="separator" hr="false" default="FLEXI_TEXT" description="FLEXI_TEXT_DESC" level="level2" menu="hide" />
			<field name="lead_strip_html" type="radio" default="" label="FLEXI_STRIP_N_CUT" description="FLEXI_STRIP_N_CUT_DESC" class="btn-group btn-group-yesno">
				<option value="">FLEXI_USE_GLOBAL</option>
				<option value="0">FLEXI_NO</option>
				<option value="1">FLEXI_YES_FORCE_READ_MORE</option>
				<option value="2">FLEXI_YES_IF_NEEDED</option>
			</field>
			<field name="lead_cut_text" type="text" size="4" default="" label="FLEXI_CUT_INTRO" description="FLEXI_CUT_INTRO_DESC" />
			<field name="leadingitems_img_sep" type="separator" hr="false" default="FLEXI_IMAGE" description="FLEXI_IMAGE_DESC" level="level2" menu="hide" />
			<field name="lead_use_image" type="radio" default="" label="FLEXI_USE_IMAGE" description="FLEXI_USE_IMAGE_DESC" class="btn-group btn-group-yesno">
				<option value="">FLEXI_USE_GLOBAL</option>
				<option value="0">FLEXI_NO</option>
				<option value="1">FLEXI_YES</option>
			</field>
			<field name="lead_image" type="fcimage" size="10" default="" label="FLEXI_IMAGE_SOURCE" description="FLEXI_IMAGE_SOURCE_DESC" />
			<field name="lead_position" type="radio" default="" label="FLEXI_IMAGE_POSITION" description="FLEXI_IMAGE_POSITION_DESC" class="btn-group btn-group-yesno">
				<option value="">FLEXI_USE_GLOBAL</option>
				<option value="0">FLEXI_IMAGE_LEFT</option>
				<option value="1">FLEXI_IMAGE_RIGHT</option>
			</field>		
			<field name="lead_link_image" type="radio" default="" label="FLEXI_LINK_IMAGE" description="FLEXI_LINK_IMAGE_DESC" class="btn-group btn-group-yesno">
				<option value="">FLEXI_USE_GLOBAL</option>
				<option value="0">FLEXI_NO</option>
				<option value="1">FLEXI_YES</option>
			</field>
			<field name="lead_link_image_to" type="radio" default="" label="Link to" description="If you are using an image field then you may use the custom link add to the image" class="btn-group btn-group-yesno">
				<option value="">FLEXI_USE_GLOBAL</option>
				<option value="0">FLEXI_ITEM</option>
				<option value="1">Custom link (image field)</option>
			</field>
			<field name="lead_image_size" type="radio" default="" label="FLEXI_INTRO_IMAGE_SIZE" description="FLEXI_INTRO_IMAGE_SIZE_DESC" class="btn-group btn-group-yesno">
				<option value="">FLEXI_USE_PARAMS</option>
				<option value="s">FLEXI_SMALL</option>
				<option value="m">FLEXI_MEDIUM</option>
				<option value="l">FLEXI_LARGE</option>
				<option value="o">FLEXI_ORIGINAL</option>
			</field>
			<field name="lead_width" type="text" size="4" default="" label="FLEXI_IMAGE_WIDTH" description="FLEXI_IMAGE_WIDTH" />
			<field name="lead_height" type="text" size="4" default="" label="FLEXI_IMAGE_HEIGHT" description="FLEXI_IMAGE_HEIGHT" />
			<field name="lead_method" type="radio" default="" label="FLEXI_PROCESSING_METHOD" description="FLEXI_PROCESSING_METHOD" class="btn-group btn-group-yesno">
				<option value="">FLEXI_USE_GLOBAL</option>
				<option value="0">FLEXI_SCALE</option>
				<option value="1">FLEXI_CROP</option>
			</field>
			
			
			<field name="introitems_sep" type="separator" hr="false" default="FLEXI_INTRO_ITEMS" description="FLEXI_INTRO_ITEMS_DESC" level="level1" menu="hide" />
			<field name="intro_cols" type="radio" default="" label="FLEXI_MAX_ITEM_COLS_RESPONSIVE" description="FLEXI_MAX_ITEM_COLS_RESPONSIVE_DESC" class="btn-group btn-group-yesno">
				<option value="">FLEXI_USE_GLOBAL</option>
				<option value="1">FLEXI_1_COL</option>
				<option value="2">FLEXI_2_COLS</option>
				<option value="3">FLEXI_3_COLS</option>
				<option value="4">FLEXI_4_COLS</option>
			</field>
			<field name="intro_placement" type="radio" default="" label="FLEXI_ITEMS_PLACEMENT" description="FLEXI_ITEMS_PLACEMENT_DESC" class="btn-group btn-group-yesno">
				<option value="">FLEXI_USE_GLOBAL</option>
				<option value="0">FLEXI_NONE</option>
				<option value="1">FLEXI_AS_MASONRY_TILES</option>
			</field>
			
			<field name="intro_catblock_sep" type="separator" hr="false" default="(sub) Category block, at (sub-)category start" description="Enable to show (sub-)category information when next (sub-)category starts" level="level2" menu="hide" />
			<field name="intro_catblock_sep_msg" type="separator" hr="false" default="Warning: this makes sense, if you order your items by their category (1st level order), (2nd level order can be anything e.g. title)" description="" level="level3" menu="hide" />
			<field name="intro_catblock" type="radio" default="" label="FLEXI_ENABLE" description=" " class="btn-group btn-group-yesno">
				<option value="">FLEXI_USE_GLOBAL</option>
				<option value="0">FLEXI_NO</option>
				<option value="1">FLEXI_YES</option>
			</field>
			<field name="intro_catblock_title" type="radio" default="" label="FLEXI_SHOW_CAT_TITLE" description="FLEXI_SHOW_CAT_TITLE_DESC" class="btn-group btn-group-yesno">
				<option value="">FLEXI_USE_GLOBAL</option>
				<option value="1">FLEXI_YES</option>
			</field>
			
			<field name="introitems_text_sep" type="separator" hr="false" default="FLEXI_TEXT" description="FLEXI_TEXT_DESC" level="level2" menu="hide" />
			<field name="intro_strip_html" type="radio" default="" label="FLEXI_STRIP_N_CUT" description="FLEXI_STRIP_N_CUT_DESC" class="btn-group btn-group-yesno">
				<option value="">FLEXI_USE_GLOBAL</option>
				<option value="0">FLEXI_NO</option>
				<option value="1">FLEXI_YES_FORCE_READ_MORE</option>
				<option value="2">FLEXI_YES_IF_NEEDED</option>
			</field>
			<field name="intro_cut_text" type="text" size="4" default="" label="FLEXI_CUT_INTRO" description="FLEXI_CUT_INTRO_DESC" />
			<field name="introitems_img_sep" type="separator" hr="false" default="FLEXI_IMAGE" description="FLEXI_IMAGE_DESC" level="level2" menu="hide" />
			<field name="intro_use_image" type="radio" default="" label="FLEXI_USE_IMAGE" description="FLEXI_USE_IMAGE_DESC" class="btn-group btn-group-yesno">
				<option value="">FLEXI_USE_GLOBAL</option>
				<option value="0">FLEXI_NO</option>
				<option value="1">FLEXI_YES</option>
			</field>
			<field name="intro_image" type="fcimage" size="10" default="" label="FLEXI_IMAGE_SOURCE" description="FLEXI_IMAGE_SOURCE_DESC" />
			<field name="intro_position" type="radio" default="" label="FLEXI_IMAGE_POSITION" description="FLEXI_IMAGE_POSITION_DESC" class="btn-group btn-group-yesno">
				<option value="">FLEXI_USE_GLOBAL</option>
				<option value="0">FLEXI_IMAGE_LEFT</option>
				<option value="1">FLEXI_IMAGE_RIGHT</option>
			</field>		
			<field name="intro_link_image" type="radio" default="" label="FLEXI_LINK_IMAGE" description="FLEXI_LINK_IMAGE_DESC" class="btn-group btn-group-yesno">
				<option value="">FLEXI_USE_GLOBAL</option>
				<option value="0">FLEXI_NO</option>
				<option value="1">FLEXI_YES</option>
			</field>
			<field name="intro_link_image_to" type="radio" default="" label="Link to" description="If you are using an image field then you may use the custom link add to the image" class="btn-group btn-group-yesno">
				<option value="">FLEXI_USE_GLOBAL</option>
				<option value="0">FLEXI_ITEM</option>
				<option value="1">Custom link (image field)</option>
			</field>
			<field name="intro_image_size" type="radio" default="" label="FLEXI_INTRO_IMAGE_SIZE" description="FLEXI_INTRO_IMAGE_SIZE_DESC" class="btn-group btn-group-yesno">
				<option value="">FLEXI_USE_PARAMS</option>
				<option value="s">FLEXI_SMALL</option>
				<option value="m">FLEXI_MEDIUM</option>
				<option value="l">FLEXI_LARGE</option>
				<option value="o">FLEXI_ORIGINAL</option>
			</field>
			<field name="intro_width" type="text" size="4" default="" label="FLEXI_IMAGE_WIDTH" description="FLEXI_IMAGE_WIDTH" />
			<field name="intro_height" type="text" size="4" default="" label="FLEXI_IMAGE_HEIGHT" description="FLEXI_IMAGE_HEIGHT" />
			<field name="intro_method" type="radio" default="" label="FLEXI_PROCESSING_METHOD" description="FLEXI_PROCESSING_METHOD" class="btn-group btn-group-yesno">
				<option value="">FLEXI_USE_GLOBAL</option>
				<option value="0">FLEXI_SCALE</option>
				<option value="1">FLEXI_CROP</option>
			</field>
			
			<field name="templatehtmlmode" type="separator" hr="false" default="FLEXI_TEMPLATE_HTML_MODE" level="level1" menu="hide" />
			<field name="htmlmode" type="radio" default="0" label="FLEXI_HTML_MODE" description="FLEXI_HTML_MODE_DESC" filter="int" class="btn-group btn-group-yesno">
				<option value="">FLEXI_USE_GLOBAL</option>
				<option value="0">FLEXI_XHTML</option>
				<option value="1">FLEXI_HTML5</option>
			</field>
		
		</fieldset>
	</fields>
	<fieldgroups>
		<group>description</group>
		<group>providerPhone</group>
		<group>providerFax</group>
		<group>providerEmail</group>
		<group>providerWebsite</group>
		<group>providerAddress</group>
		<group>providerCity</group>
		<group>providerDistrict</group>
		<group>providerStateProvince</group>
		<group>providerCountry</group>
		<group>providerFromDay1</group>
		<group>providerToDay1</group>
		<group>providerOpeningHours1</group>
		<group>providerClosingHours1</group>
		<group>providerFromDay2</group>
		<group>providerToDay2</group>
		<group>providerOpeningHours2</group>
		<group>providerClosingHours2</group>
		<group>providerEmergencyServices</group>
		<group>providerEmergencyPhone</group>
		<group>providerLatitude</group>
		<group>providerLongitude</group>
		<group>providersFee</group>
                <group>MedicalType</group>
	</fieldgroups>
	<csscategory>
	</csscategory>
	<jscategory>
	</jscategory>	
</form>
