<?xml version="1.0" encoding="utf-8"?>
<form>
	<author>Emmanuel Danan, George Papadakis</author>
	<website>www.flexicontent.org</website>
	<email>emmanuel@vistamedia.fr</email>
	<license>GPLv3</license>
	<version>1.2</version>
	<release>20 May 2014</release>

	<defaulttitle>FLEXI_TMPL_BLOG_ITEM_DEFAULT_TITLE</defaulttitle>
	<description>FLEXI_TMPL_BLOG_ITEM_SHORT_DESC</description>

	<fields name="attribs">
		<fieldset name="attribs" addfieldpath="/administrator/components/com_flexicontent/elements">
			
			<field name="custom_layout_title" type="text" size="3" default="" label="FLEXI_LAYOUT_CUSTOM_DISPLAY_TITLE" description="FLEXI_LAYOUT_CUSTOM_DISPLAY_TITLE_DESC" />
			
			<field name="disp_params" type="separator" default="FLEXI_DISPLAY" level="level1" menu="hide" />
			<field name="title_cut_text" type="text" size="3" default="" label="FLEXI_TITLE_MAXLEN" description="FLEXI_TITLE_MAXLEN_DESC" />
			<field name="show_author" type="radio" default="" label="FLEXI_SHOWAUTHOR" description="FLEXI_SHOWAUTHOR_DESC" class="btn-group btn-group-yesno">
				<option value="">FLEXI_USE_GLOBAL</option>
				<option value="0">FLEXI_HIDE</option>
				<option value="1">FLEXI_SHOW</option>
			</field>
			<field name="show_create_date" type="radio" default="" label="FLEXI_SHOWCREATED" description="FLEXI_SHOWCREATED_DESC" class="btn-group btn-group-yesno">
				<option value="">FLEXI_USE_GLOBAL</option>
				<option value="0">FLEXI_HIDE</option>
				<option value="1">FLEXI_SHOW</option>
			</field>
			<field name="show_modifier" type="radio" default="" label="FLEXI_SHOWMODIFIEDBY" description="FLEXI_SHOWMODIFIEDBY_DESC" class="btn-group btn-group-yesno">
				<option value="">FLEXI_USE_GLOBAL</option>
				<option value="0">FLEXI_HIDE</option>
				<option value="1">FLEXI_SHOW</option>
			</field>
			<field name="show_modify_date" type="radio" default="" label="FLEXI_SHOWMODIFIED" description="FLEXI_SHOWMODIFIED_DESC" class="btn-group btn-group-yesno">
				<option value="">FLEXI_USE_GLOBAL</option>
				<option value="0">FLEXI_HIDE</option>
				<option value="1">FLEXI_SHOW</option>
			</field>
			<field name="show_category" type="radio" default="" label="FLEXI_SHOWCATS" description="FLEXI_SHOWCATS_DESC" class="btn-group btn-group-yesno">
				<option value="">FLEXI_USE_GLOBAL</option>
				<option value="0">FLEXI_HIDE</option>
				<option value="1">FLEXI_SHOW</option>
			</field>
			<field name="show_vote" type="radio" default="" label="FLEXI_SHOWRATING" description="FLEXI_SHOWRATING_DESC" class="btn-group btn-group-yesno">
				<option value="">FLEXI_USE_GLOBAL</option>
				<option value="0">FLEXI_HIDE</option>
				<option value="1">FLEXI_SHOW</option>
			</field>
			<field name="show_favs" type="radio" default="" label="FLEXI_SHOWFAVS" description="FLEXI_SHOWFAVS_DESC" class="btn-group btn-group-yesno">
				<option value="">FLEXI_USE_GLOBAL</option>
				<option value="0">FLEXI_HIDE</option>
				<option value="1">FLEXI_SHOW</option>
			</field>
			<field name="show_tags" type="radio" default="" label="FLEXI_SHOWTAGS" description="FLEXI_SHOWTAGS_DESC" class="btn-group btn-group-yesno">
				<option value="">FLEXI_USE_GLOBAL</option>
				<option value="0">FLEXI_HIDE</option>
				<option value="1">FLEXI_SHOW</option>
			</field>
			
			<field name="Customblocks" type="separator" default="FLEXI_BLOCKS_CUSTOM_FIELDS" level="level2" menu="hide" />
			
			<field name="columnmode" type="radio" default="" label="FLEXI_COLUMN_MODE" description="FLEXI_COLUMN_MODE_DESC" class="btn-group btn-group-yesno">
				<option value="">FLEXI_USE_GLOBAL</option>
				<option value="0">FLEXI_COLUMN_MODE_FORCE_1_COLS</option>
				<option value="1">FLEXI_COLUMN_MODE_FORCE_2_COLS</option>
				<option value="2">FLEXI_COLUMN_MODE_FORCE_AUTO_COLS</option>
			</field>
			
			<field name="templatehtmlmode" type="separator" default="FLEXI_TEMPLATE_HTML_MODE" level="level2" menu="hide" />
			<field name="htmlmode" type="radio" default="" label="FLEXI_HTML_MODE" description="FLEXI_HTML_MODE_DESC" filter="int" class="btn-group btn-group-yesno">
				<option value="">FLEXI_USE_GLOBAL</option>
				<option value="0">FLEXI_XHTML</option>
				<option value="1">FLEXI_HTML5</option>
			</field>
			
		</fieldset>
	</fields> 
	
	<fieldgroups>
		<group>description</group>
		<group>providerPhone</group>
		<group>providerFax</group>
		<group>providerEmail</group>
		<group>providerWebsite</group>
		<group>providerAddress</group>
		<group>providerCity</group>
		<group>providerDistrict</group>
		<group>providerStateProvince</group>
		<group>providerCountry</group>
		<group>providerLatitude</group>
		<group>providerLongitude</group>
		<group>providerFromDay1</group>
		<group>providerToDay1</group>
		<group>providerOpeningHours1</group>
		<group>providerClosingHours1</group>
		<group>providerFromDay2</group>
		<group>providerToDay2</group>
		<group>providerOpeningHours2</group>
		<group>providerClosingHours2</group>
		<group>providerEmergencyServices</group>
		<group>providerEmergencyPhone</group>
		<group>providerLanguage</group>
		<group>providerMedicalServices</group>
		<group>providerDirectBilling</group>
		<group>providerNote</group>
	</fieldgroups>
	<cssitem>
	</cssitem>
	<jsitem>
	</jsitem>	
</form>
