<?xml version="1.0" encoding="utf-8"?>
<extension version="2.5" type="plugin" group="search" method="upgrade">
	<name>Search - Easy Blog</name>
	<author>StackIdeas Private Limited</author>
	<creationDate>12/05/2010</creationDate>
	<copyright>Copyright (C) 2009 - 2010 StackIdeas Private Limited. All rights reserved.</copyright>
	<license>http://www.gnu.org/licenses/gpl-2.0.html GNU/GPL</license>
	<authorEmail>support@stackideas.com</authorEmail>
	<authorUrl>stackideas.com</authorUrl>
	<version>3.7.0</version>
	<description>Allows user to search for blog entries created from Easy Blog</description>
	<files>
		<filename plugin="easyblog">easyblog.php</filename>
		<filename>index.html</filename>
	</files>
	<params>
		<param name="limit" type="text" size="5" default="50" label="Search result limit" description="Set the number of search result items to be displayed"/>
		<param name="@spacer" type="spacer" default="" label="" description="" />
	</params>

	<config>
		<fields name="params">
			<fieldset name="basic">
				<field
					name="limit"
					type="text"
					size="5"
					default="50"
					label="Search result limit"
					description="Set the number of search result items to be displayed">
				</field>
			</fieldset>
		</fields>
	</config>
</extension>
