<?xml version="1.0" encoding="utf-8"?>
<extension version="2.5" type="plugin" group="user" method="upgrade">
	<name>User - EasyBlog Users</name>
	<author>Stack Ideas Sdn Bhd</author>
	<creationDate>03 June 2010</creationDate>
	<copyright>Copyright 2009 - 2010 StackIdeas. All rights reserved.</copyright>
	<license>GPL License</license>
	<authorEmail>support@stackideas.com</authorEmail>
	<authorUrl>http://www.stackideas.com</authorUrl>
	<version>5.0.1</version>
	<description>EasyBlog user plugin. This plugin is responsible to delete user's related records such as blog post and etc.</description>
	<files>
		<filename plugin="easyblogusers">easyblogusers.php</filename>
		<filename>index.html</filename>
		<folder>profiles</folder>
	</files>
	<languages>
		<language tag="en-GB">en-GB.plg_user_easyblogusers.ini</language>
		<language tag="en-GB">en-GB.plg_user_easyblogusers.sys.ini</language>
	</languages>
	<config>
		<fields name="params">
			<fieldset name="basic">
				<field name="show_subscribe" type="radio" class="btn-group" default="0" label="Show Subscribe To Blog In Profile" description="When this option is enabled, a new option will be added to their edit profile page in Joomla.">
					<option value="1">JYES</option>
					<option value="0">JNO</option>
				</field>
			</fieldset>
		</fields>
	</config>
</extension>
