<?xml version="1.0" encoding="utf-8"?>
<extension type="module" version="3.0" client="site" method="upgrade">
	<name>EasyBlog - Showcase Module</name>
	<author>Stack Ideas Sdn Bhd</author>
	<creationDate>30th October 2015</creationDate>
	<copyright>Copyright 2009 - 2015 Stack Ideas Sdn Bhd. All rights reserved.</copyright>
	<license>GPL License v2</license>
	<authorEmail>support@stackideas.com</authorEmail>
	<authorUrl>http://stackideas.com</authorUrl>
	<version>5.0.30</version>
	<description><![CDATA[This module allows you to choose several display mode for the posts on the site.]]></description>
	<languages>
		<language tag="en-GB">en-GB.mod_easyblogshowcase.ini</language>
	</languages>
	<files>
		<folder>tmpl</folder>
		<filename>helper.php</filename>
		<filename>index.html</filename>
		<filename module="mod_easyblogshowcase">mod_easyblogshowcase.php</filename>
		<filename>mod_easyblogshowcase.xml</filename>
	</files>
	<config>
		<fields name="params">
			<fieldset name="basic" addfieldpath="/administrator/components/com_easyblog/elements">
				<field name="layout" type="modulelayout" label="MOD_EASYBLOGSHOWCASE_LAYOUT_TYPE" description="MOD_EASYBLOGSHOWCASE_LAYOUT_TYPE_DESC" />
				<field name="count" type="text" default="5" label="MOD_EASYBLOGSHOWCASE_TOTAL_POSTS" description="MOD_EASYBLOGSHOWCASE_TOTAL_POSTS_HELP" />
				<field name="catid" type="categories" default="0" label="MOD_EASYBLOGSHOWCASE_CATEGORY" description="MOD_EASYBLOGSHOWCASE_CATEGORY_HELP" />
				<field name="subcat" type="radio" class="btn-group" default="1" label="MOD_EASYBLOGSHOWCASE_INCLUDE_SUBCATEGORY" description="MOD_EASYBLOGSHOWCASE_INCLUDE_SUBCATEGORY_DESC">
					<option value="0">JNO</option>
					<option value="1">JYES</option>
				</field>
				<field name="textlimit" type="text" default="200" label="MOD_EASYBLOGSHOWCASE_CONTENT_TRUNCATION" description="MOD_EASYBLOGSHOWCASE_CONTENT_TRUNCATION_DESC" />
				<field name="showposttype" type="list" default="featured" label="MOD_EASYBLOGSHOWCASE_SOURCE" description="MOD_EASYBLOGSHOWCASE_SOURCE_HELP">
					<option value="all">MOD_EASYBLOGSHOWCASE_LATEST_POSTS_AND_FEATURED</option>
					<option value="latestOnly">MOD_EASYBLOGSHOWCASE_LATEST_POSTS_ONLY</option>
					<option value="featured">MOD_EASYBLOGSHOWCASE_FEATURED_POSTS</option>
				</field>
				<field name="showratings" type="radio" class="btn-group" default="1" label="MOD_EASYBLOGSHOWCASE_SHOW_RATINGS" description="MOD_EASYBLOGSHOWCASE_SHOW_RATINGS_HELP">
					<option value="0">JHIDE</option>
					<option value="1">JSHOW</option>
				</field>
				<field name="enableratings" type="radio" class="btn-group" default="1" label="MOD_EASYBLOGSHOWCASE_ENABLE_RATINGS" description="MOD_EASYBLOGSHOWCASE_ENABLE_RATINGS_HELP">
					<option value="0">MOD_EASYBLOGSHOWCASE_DISABLE</option>
					<option value="1">MOD_EASYBLOGSHOWCASE_ENABLE</option>
				</field>
				<field name="contentfrom" type="list" default="content" label="MOD_EASYBLOGSHOWCASE_CONTENT_SOURCE" description="MOD_EASYBLOGSHOWCASE_CONTENT_SOURCE_HELP">
					<option value="intro">MOD_EASYBLOGSHOWCASE_CONTENT_SOURCE_INTRO</option>
					<option value="content">MOD_EASYBLOGSHOWCASE_CONTENT_SOURCE_FULLTEXT</option>
				</field>
				<field name="showreadmore" type="radio" class="btn-group" default="1" label="MOD_EASYBLOGSHOWCASE_SHOW_READMORE"  description="MOD_EASYBLOGSHOWCASE_SHOW_READMORE_HELP">
					<option value="0">JNO</option>
					<option value="1">JYES</option>
				</field>
				<field name="autoshuffle" type="radio" class="btn-group" default="0" label="MOD_EASYBLOGSHOWCASE_RANDOMIZE_ITEMS" description="MOD_EASYBLOGSHOWCASE_RANDOMIZE_ITEMS_HELP">
					<option value="0">JNO</option>
					<option value="1">JYES</option>
				</field>
				<field name="authoravatar" type="radio" class="btn-group" default="1" label="Show Author Avatar"  description="Show or hide the author's avatar for the post" >
					<option value="0">JNO</option>
					<option value="1">JYES</option>
				</field>
				<field name="avatarwidth" type="text" default="50" label="Avatar's Width (px)" description="Specify the width of blogger avatar." />
				<field name="avatarheight" type="text" default="50" label="Avatar's Height (px)" description="Specify the height of blogger avatar." />
				<field name="contentauthor" type="radio" class="btn-group" default="1" label="Show Author"  description="Show or hide the author for the post" >
					<option value="0">JNO</option>
					<option value="1">JYES</option>
				</field>

				<field name="contentdate" type="radio" class="btn-group" default="1" label="MOD_EASYBLOGSHOWCASE_SHOW_DATE" description="MOD_EASYBLOGSHOWCASE_SHOW_DATE_HELP">
					<option value="0">JNO</option>
					<option value="1">JYES</option>
				</field>

				<field name="autorotate" type="radio" class="btn-group" default="1" label="MOD_EASYBLOGSHOWCASE_AUTO_ROTATE_SLIDES" description="MOD_EASYBLOGSHOWCASE_AUTO_ROTATE_SLIDES_HELP">
					<option value="0">JNO</option>
					<option value="1">JYES</option>
				</field>

				<field name="autorotate_seconds"  type="text" size="5" default="30" label="MOD_EASYBLOGSHOWCASE_AUTO_ROTATE_TIMER" description="MOD_EASYBLOGSHOWCASE_AUTO_ROTATE_TIMER" />
			</fieldset>

			<fieldset name="photos" addfieldpath="/administrator/components/com_easyblog/elements/">
				<field name="photo_show" type="radio" class="btn-group" default="1" label="MOD_EASYBLOGSHOWCASE_SHOW_COVER" description="MOD_EASYBLOGSHOWCASE_SHOW_COVER_DESC">
					<option value="1">JYES</option>
					<option value="0">JNO</option>
				</field>
				<field name="photo_legacy" type="radio" class="btn-group" default="1" label="MOD_EASYBLOGSHOWCASE_PHOTO_LEGACY" description="MOD_EASYBLOGSHOWCASE_PHOTO_LEGACY_DESC">
					<option value="1">JYES</option>
					<option value="0">JNO</option>
				</field>
				<field name="photo_size" type="list" default="default" label="MOD_EASYBLOGSHOWCASE_PHOTO_SIZE" description="MOD_EASYBLOGSHOWCASE_PHOTO_SIZE_DESC">
                    <option value="large">MOD_EASYBLOGSHOWCASE_PHOTO_SIZE_LARGE</option>
					<option value="medium">MOD_EASYBLOGSHOWCASE_PHOTO_SIZE_MEDIUM</option>
					<option value="small">MOD_EASYBLOGSHOWCASE_PHOTO_SIZE_SMALL</option>
				</field>

				<field name="photo_layout" type="cover" label="MOD_EASYBLOGSHOWCASE_PHOTO_LAYOUT" description="MOD_EASYBLOGSHOWCASE_PHOTO_LAYOUT_DESC" crop="1" full="0" disablefull="1" defaultwidth="260" defaultheight="200" />

				<field name="alignment" type="list" default="left" label="MOD_EASYBLOGSHOWCASE_PHOTO_ALIGNMENT" description="MOD_EASYBLOGSHOWCASE_PHOTO_ALIGNMENT_DESC">
					<option value="left">MOD_EASYBLOGSHOWCASE_LEFT</option>
					<option value="right">MOD_EASYBLOGSHOWCASE_RIGHT</option>
				</field>
			</fieldset>

			<fieldset name="advanced">
				
				<field name="moduleclass_sfx" type="text" label="COM_MODULES_FIELD_MODULECLASS_SFX_LABEL" description="COM_MODULES_FIELD_MODULECLASS_SFX_DESC" />
				<field  name="cache" type="list" default="0" label="COM_MODULES_FIELD_CACHING_LABEL" description="COM_MODULES_FIELD_CACHING_DESC" >
					<option value="1">JGLOBAL_USE_GLOBAL</option>
					<option value="0">COM_MODULES_FIELD_VALUE_NOCACHING
					</option>
				</field>
				<field name="cache_time" type="text" default="900" label="COM_MODULES_FIELD_CACHE_TIME_LABEL" description="COM_MODULES_FIELD_CACHE_TIME_DESC" />
			</fieldset>
		</fields>
	</config>
</extension>
